"","Site","year","quarter","year.qtr","waveht"
"1",1,1995,1,"1995.1",3.66
"2",1,1995,2,"1995.2",1.79
"3",1,1995,3,"1995.3",1.46
"4",1,1995,4,"1995.4",2.95
"5",1,1996,1,"1996.1",2.15
"6",1,1996,2,"1996.2",1.61
"7",1,1996,3,"1996.3",1.47
"8",1,1996,4,"1996.4",1.78
"9",1,1997,1,"1997.1",2.27
"10",1,1997,2,"1997.2",1.46
"11",1,1997,3,"1997.3",1.58
"12",1,1997,4,"1997.4",2.51
"13",1,1998,1,"1998.1",4.21
"14",1,1998,2,"1998.2",1.87
"15",1,1998,3,"1998.3",1.36
"16",1,1998,4,"1998.4",2.01
"17",1,1999,1,"1999.1",1.86
"18",1,1999,2,"1999.2",1.57
"19",1,1999,3,"1999.3",1.3
"20",1,1999,4,"1999.4",2.02
"21",1,2000,1,"2000.1",2.99
"22",1,2000,2,"2000.2",1.46
"23",1,2000,3,"2000.3",1.26
"24",1,2000,4,"2000.4",2.31
"25",1,2001,1,"2001.1",3.08
"26",1,2001,2,"2001.2",1.41
"27",1,2001,3,"2001.3",1.16
"28",1,2001,4,"2001.4",3.14
"29",1,2002,1,"2002.1",2.31
"30",1,2002,2,"2002.2",1.32
"31",1,2002,3,"2002.3",1.21
"32",1,2002,4,"2002.4",3.51
"33",1,2003,1,"2003.1",2.39
"34",1,2003,2,"2003.2",1.45
"35",1,2003,3,"2003.3",1.22
"36",1,2003,4,"2003.4",2.1
"37",1,2004,1,"2004.1",2.65
"38",1,2004,2,"2004.2",1.95
"39",1,2004,3,"2004.3",1.34
"40",1,2004,4,"2004.4",2.04
"41",1,2005,1,"2005.1",2.6
"42",1,2005,2,"2005.2",1.6
"43",1,2005,3,"2005.3",2.22
"44",1,2005,4,"2005.4",3.98
"45",1,2006,1,"2006.1",2.56
"46",1,2006,2,"2006.2",2.16
"47",1,2006,3,"2006.3",1.4
"48",1,2006,4,"2006.4",2.69
"49",1,2007,1,"2007.1",2.03
"50",1,2007,2,"2007.2",2.44
"51",1,2007,3,"2007.3",1.34
"52",1,2007,4,"2007.4",5.22
"53",1,2008,1,"2008.1",5.38
"54",1,2008,2,"2008.2",1.48
"55",1,2008,3,"2008.3",1.37
"56",1,2008,4,"2008.4",1.7
"57",2,1995,1,"1995.1",2.27
"58",2,1995,2,"1995.2",2.18
"59",2,1995,3,"1995.3",1.39
"60",2,1995,4,"1995.4",2.4
"61",2,1996,1,"1996.1",1.92
"62",2,1996,2,"1996.2",1.47
"63",2,1996,3,"1996.3",1.19
"64",2,1996,4,"1996.4",2.01
"65",2,1997,1,"1997.1",2.09
"66",2,1997,2,"1997.2",1.48
"67",2,1997,3,"1997.3",1.67
"68",2,1997,4,"1997.4",1.85
"69",2,1998,1,"1998.1",2.96
"70",2,1998,2,"1998.2",1.87
"71",2,1998,3,"1998.3",1.01
"72",2,1998,4,"1998.4",2.26
"73",2,1999,1,"1999.1",2.2
"74",2,1999,2,"1999.2",2.27
"75",2,1999,3,"1999.3",0.81
"76",2,1999,4,"1999.4",2.61
"77",2,2000,1,"2000.1",2.31
"78",2,2000,2,"2000.2",1.48
"79",2,2000,3,"2000.3",0.98
"80",2,2000,4,"2000.4",2.43
"81",2,2001,1,"2001.1",2.49
"82",2,2001,2,"2001.2",2.05
"83",2,2001,3,"2001.3",1.46
"84",2,2001,4,"2001.4",2.53
"85",2,2002,1,"2002.1",2.43
"86",2,2002,2,"2002.2",1.55
"87",2,2002,3,"2002.3",1.01
"88",2,2002,4,"2002.4",3.03
"89",2,2003,1,"2003.1",1.79
"90",2,2003,2,"2003.2",1.47
"91",2,2003,3,"2003.3",0.75
"92",2,2003,4,"2003.4",1.98
"93",2,2004,1,"2004.1",2.72
"94",2,2004,2,"2004.2",1.4
"95",2,2004,3,"2004.3",1.38
"96",2,2004,4,"2004.4",2.4
"97",2,2005,1,"2005.1",2.29
"98",2,2005,2,"2005.2",2.37
"99",2,2005,3,"2005.3",0.82
"100",2,2005,4,"2005.4",2.44
"101",2,2006,1,"2006.1",2.32
"102",2,2006,2,"2006.2",1.51
"103",2,2006,3,"2006.3",1.58
"104",2,2006,4,"2006.4",3.29
"105",2,2007,1,"2007.1",2.49
"106",2,2007,2,"2007.2",1.79
"107",2,2007,3,"2007.3",1.09
"108",2,2007,4,"2007.4",2.61
"109",2,2008,1,"2008.1",3.73
"110",2,2008,2,"2008.2",2.45
"111",2,2008,3,"2008.3",1.3
"112",2,2008,4,"2008.4",2.19
"113",3,1995,1,"1995.1",2.91
"114",3,1995,2,"1995.2",1.22
"115",3,1995,3,"1995.3",1
"116",3,1995,4,"1995.4",2.15
"117",3,1996,1,"1996.1",1.46
"118",3,1996,2,"1996.2",1.07
"119",3,1996,3,"1996.3",0.86
"120",3,1996,4,"1996.4",1.2
"121",3,1997,1,"1997.1",1.55
"122",3,1997,2,"1997.2",0.96
"123",3,1997,3,"1997.3",1.1
"124",3,1997,4,"1997.4",1.71
"125",3,1998,1,"1998.1",3.53
"126",3,1998,2,"1998.2",1.24
"127",3,1998,3,"1998.3",0.79
"128",3,1998,4,"1998.4",1.36
"129",3,1999,1,"1999.1",1.28
"130",3,1999,2,"1999.2",1.05
"131",3,1999,3,"1999.3",0.77
"132",3,1999,4,"1999.4",1.38
"133",3,2000,1,"2000.1",2.21
"134",3,2000,2,"2000.2",0.97
"135",3,2000,3,"2000.3",0.72
"136",3,2000,4,"2000.4",1.62
"137",3,2001,1,"2001.1",2.3
"138",3,2001,2,"2001.2",0.92
"139",3,2001,3,"2001.3",0.73
"140",3,2001,4,"2001.4",2.37
"141",3,2002,1,"2002.1",1.6
"142",3,2002,2,"2002.2",0.81
"143",3,2002,3,"2002.3",0.7
"144",3,2002,4,"2002.4",2.76
"145",3,2003,1,"2003.1",1.64
"146",3,2003,2,"2003.2",0.94
"147",3,2003,3,"2003.3",0.72
"148",3,2003,4,"2003.4",1.43
"149",3,2004,1,"2004.1",1.88
"150",3,2004,2,"2004.2",1.08
"151",3,2004,3,"2004.3",0.79
"152",3,2004,4,"2004.4",1.82
"153",3,2005,1,"2005.1",2.25
"154",3,2005,2,"2005.2",0.91
"155",3,2005,3,"2005.3",1.21
"156",3,2005,4,"2005.4",3.45
"157",3,2006,1,"2006.1",1.7
"158",3,2006,2,"2006.2",1.17
"159",3,2006,3,"2006.3",0.86
"160",3,2006,4,"2006.4",1.4
"161",3,2007,1,"2007.1",1.44
"162",3,2007,2,"2007.2",1.43
"163",3,2007,3,"2007.3",0.75
"164",3,2007,4,"2007.4",5.08
"165",3,2008,1,"2008.1",4.69
"166",3,2008,2,"2008.2",0.89
"167",3,2008,3,"2008.3",0.78
"168",3,2008,4,"2008.4",1.11
"169",4,1995,1,"1995.1",2.74
"170",4,1995,2,"1995.2",1.29
"171",4,1995,3,"1995.3",1.11
"172",4,1995,4,"1995.4",2.2
"173",4,1996,1,"1996.1",1.62
"174",4,1996,2,"1996.2",1.19
"175",4,1996,3,"1996.3",1.24
"176",4,1996,4,"1996.4",1.32
"177",4,1997,1,"1997.1",1.7
"178",4,1997,2,"1997.2",1.09
"179",4,1997,3,"1997.3",1.3
"180",4,1997,4,"1997.4",1.9
"181",4,1998,1,"1998.1",3.14
"182",4,1998,2,"1998.2",1.42
"183",4,1998,3,"1998.3",1.15
"184",4,1998,4,"1998.4",1.46
"185",4,1999,1,"1999.1",1.34
"186",4,1999,2,"1999.2",1.17
"187",4,1999,3,"1999.3",1.11
"188",4,1999,4,"1999.4",1.45
"189",4,2000,1,"2000.1",2.26
"190",4,2000,2,"2000.2",1.08
"191",4,2000,3,"2000.3",1.1
"192",4,2000,4,"2000.4",1.69
"193",4,2001,1,"2001.1",2.31
"194",4,2001,2,"2001.2",1.1
"195",4,2001,3,"2001.3",0.99
"196",4,2001,4,"2001.4",2.34
"197",4,2002,1,"2002.1",1.69
"198",4,2002,2,"2002.2",1.13
"199",4,2002,3,"2002.3",1.03
"200",4,2002,4,"2002.4",2.6
"201",4,2003,1,"2003.1",1.78
"202",4,2003,2,"2003.2",1.15
"203",4,2003,3,"2003.3",1.04
"204",4,2003,4,"2003.4",1.53
"205",4,2004,1,"2004.1",1.89
"206",4,2004,2,"2004.2",1.56
"207",4,2004,3,"2004.3",1.32
"208",4,2004,4,"2004.4",1.89
"209",4,2005,1,"2005.1",1.88
"210",4,2005,2,"2005.2",1.21
"211",4,2005,3,"2005.3",1.63
"212",4,2005,4,"2005.4",3.3
"213",4,2006,1,"2006.1",1.8
"214",4,2006,2,"2006.2",1.53
"215",4,2006,3,"2006.3",1.22
"216",4,2006,4,"2006.4",1.54
"217",4,2007,1,"2007.1",1.41
"218",4,2007,2,"2007.2",2.52
"219",4,2007,3,"2007.3",1.12
"220",4,2007,4,"2007.4",5.15
"221",4,2008,1,"2008.1",3.92
"222",4,2008,2,"2008.2",1.35
"223",4,2008,3,"2008.3",1.36
"224",4,2008,4,"2008.4",1.32
"225",5,1995,1,"1995.1",2.07
"226",5,1995,2,"1995.2",1.98
"227",5,1995,3,"1995.3",1.22
"228",5,1995,4,"1995.4",2.2
"229",5,1996,1,"1996.1",1.79
"230",5,1996,2,"1996.2",1.54
"231",5,1996,3,"1996.3",1.09
"232",5,1996,4,"1996.4",1.85
"233",5,1997,1,"1997.1",1.91
"234",5,1997,2,"1997.2",1.55
"235",5,1997,3,"1997.3",1.44
"236",5,1997,4,"1997.4",1.8
"237",5,1998,1,"1998.1",2.35
"238",5,1998,2,"1998.2",1.57
"239",5,1998,3,"1998.3",1.07
"240",5,1998,4,"1998.4",1.89
"241",5,1999,1,"1999.1",1.92
"242",5,1999,2,"1999.2",2.02
"243",5,1999,3,"1999.3",1.04
"244",5,1999,4,"1999.4",2.04
"245",5,2000,1,"2000.1",2
"246",5,2000,2,"2000.2",1.53
"247",5,2000,3,"2000.3",0.94
"248",5,2000,4,"2000.4",1.97
"249",5,2001,1,"2001.1",2.3
"250",5,2001,2,"2001.2",1.78
"251",5,2001,3,"2001.3",1.22
"252",5,2001,4,"2001.4",2.32
"253",5,2002,1,"2002.1",1.97
"254",5,2002,2,"2002.2",1.49
"255",5,2002,3,"2002.3",1
"256",5,2002,4,"2002.4",2.55
"257",5,2003,1,"2003.1",1.81
"258",5,2003,2,"2003.2",1.38
"259",5,2003,3,"2003.3",0.89
"260",5,2003,4,"2003.4",1.83
"261",5,2004,1,"2004.1",2.5
"262",5,2004,2,"2004.2",1.27
"263",5,2004,3,"2004.3",0.8
"264",5,2004,4,"2004.4",1.87
"265",5,2005,1,"2005.1",1.72
"266",5,2005,2,"2005.2",1.48
"267",5,2005,3,"2005.3",0.66
"268",5,2005,4,"2005.4",2
"269",5,2006,1,"2006.1",1.84
"270",5,2006,2,"2006.2",1.58
"271",5,2006,3,"2006.3",1.09
"272",5,2006,4,"2006.4",2.64
"273",5,2007,1,"2007.1",2.26
"274",5,2007,2,"2007.2",1.53
"275",5,2007,3,"2007.3",0.79
"276",5,2007,4,"2007.4",2.34
"277",5,2008,1,"2008.1",3.03
"278",5,2008,2,"2008.2",1.58
"279",5,2008,3,"2008.3",0.82
"280",5,2008,4,"2008.4",1.77
"281",6,1995,1,"1995.1",1.35
"282",6,1995,2,"1995.2",1.1
"283",6,1995,3,"1995.3",1.06
"284",6,1995,4,"1995.4",1.05
"285",6,1996,1,"1996.1",1.06
"286",6,1996,2,"1996.2",1.13
"287",6,1996,3,"1996.3",1.26
"288",6,1996,4,"1996.4",1.14
"289",6,1997,1,"1997.1",1.1
"290",6,1997,2,"1997.2",1.1
"291",6,1997,3,"1997.3",1.15
"292",6,1997,4,"1997.4",1.29
"293",6,1998,1,"1998.1",1.4
"294",6,1998,2,"1998.2",1.18
"295",6,1998,3,"1998.3",1.18
"296",6,1998,4,"1998.4",1.08
"297",6,1999,1,"1999.1",1.03
"298",6,1999,2,"1999.2",1.23
"299",6,1999,3,"1999.3",1.17
"300",6,1999,4,"1999.4",1.17
"301",6,2000,1,"2000.1",1.36
"302",6,2000,2,"2000.2",1.08
"303",6,2000,3,"2000.3",1.07
"304",6,2000,4,"2000.4",1.04
"305",6,2001,1,"2001.1",1.15
"306",6,2001,2,"2001.2",1.16
"307",6,2001,3,"2001.3",1
"308",6,2001,4,"2001.4",1.2
"309",6,2002,1,"2002.1",1.07
"310",6,2002,2,"2002.2",1.03
"311",6,2002,3,"2002.3",1.08
"312",6,2002,4,"2002.4",1.21
"313",6,2003,1,"2003.1",1.23
"314",6,2003,2,"2003.2",1.21
"315",6,2003,3,"2003.3",1.06
"316",6,2003,4,"2003.4",1.03
"317",6,2004,1,"2004.1",1.12
"318",6,2004,2,"2004.2",2.06
"319",6,2004,3,"2004.3",1.24
"320",6,2004,4,"2004.4",1.19
"321",6,2005,1,"2005.1",2.05
"322",6,2005,2,"2005.2",1.49
"323",6,2005,3,"2005.3",2.36
"324",6,2005,4,"2005.4",1.47
"325",6,2006,1,"2006.1",1.23
"326",6,2006,2,"2006.2",1.62
"327",6,2006,3,"2006.3",1.59
"328",6,2006,4,"2006.4",1.25
"329",6,2007,1,"2007.1",1.23
"330",6,2007,2,"2007.2",2.08
"331",6,2007,3,"2007.3",1.31
"332",6,2007,4,"2007.4",1.89
"333",6,2008,1,"2008.1",1.7
"334",6,2008,2,"2008.2",1.45
"335",6,2008,3,"2008.3",1.48
"336",6,2008,4,"2008.4",1.29
"337",8,1995,1,"1995.1",0.55
"338",8,1995,2,"1995.2",0.4
"339",8,1995,3,"1995.3",0.3
"340",8,1995,4,"1995.4",0.49
"341",8,1996,1,"1996.1",0.42
"342",8,1996,2,"1996.2",0.37
"343",8,1996,3,"1996.3",0.23
"344",8,1996,4,"1996.4",0.41
"345",8,1997,1,"1997.1",0.43
"346",8,1997,2,"1997.2",0.37
"347",8,1997,3,"1997.3",0.33
"348",8,1997,4,"1997.4",0.43
"349",8,1998,1,"1998.1",0.6
"350",8,1998,2,"1998.2",0.38
"351",8,1998,3,"1998.3",0.22
"352",8,1998,4,"1998.4",0.42
"353",8,1999,1,"1999.1",0.41
"354",8,1999,2,"1999.2",0.37
"355",8,1999,3,"1999.3",0.22
"356",8,1999,4,"1999.4",0.43
"357",8,2000,1,"2000.1",0.46
"358",8,2000,2,"2000.2",0.38
"359",8,2000,3,"2000.3",0.23
"360",8,2000,4,"2000.4",0.45
"361",8,2001,1,"2001.1",0.5
"362",8,2001,2,"2001.2",0.35
"363",8,2001,3,"2001.3",0.24
"364",8,2001,4,"2001.4",0.52
"365",8,2002,1,"2002.1",0.43
"366",8,2002,2,"2002.2",0.32
"367",8,2002,3,"2002.3",0.21
"368",8,2002,4,"2002.4",0.53
"369",8,2003,1,"2003.1",0.45
"370",8,2003,2,"2003.2",0.31
"371",8,2003,3,"2003.3",0.19
"372",8,2003,4,"2003.4",0.44
"373",8,2004,1,"2004.1",0.75
"374",8,2004,2,"2004.2",0.36
"375",8,2004,3,"2004.3",0.18
"376",8,2004,4,"2004.4",0.46
"377",8,2005,1,"2005.1",0.46
"378",8,2005,2,"2005.2",0.44
"379",8,2005,3,"2005.3",0.14
"380",8,2005,4,"2005.4",0.5
"381",8,2006,1,"2006.1",0.49
"382",8,2006,2,"2006.2",0.47
"383",8,2006,3,"2006.3",0.15
"384",8,2006,4,"2006.4",0.57
"385",8,2007,1,"2007.1",0.56
"386",8,2007,2,"2007.2",0.35
"387",8,2007,3,"2007.3",0.23
"388",8,2007,4,"2007.4",0.44
"389",8,2008,1,"2008.1",0.66
"390",8,2008,2,"2008.2",0.49
"391",8,2008,3,"2008.3",0.29
"392",8,2008,4,"2008.4",0.54
"393",9,1995,1,"1995.1",1.37
"394",9,1995,2,"1995.2",0.87
"395",9,1995,3,"1995.3",0.57
"396",9,1995,4,"1995.4",1.18
"397",9,1996,1,"1996.1",0.97
"398",9,1996,2,"1996.2",0.8
"399",9,1996,3,"1996.3",0.41
"400",9,1996,4,"1996.4",0.93
"401",9,1997,1,"1997.1",1.01
"402",9,1997,2,"1997.2",0.76
"403",9,1997,3,"1997.3",0.67
"404",9,1997,4,"1997.4",1.01
"405",9,1998,1,"1998.1",1.52
"406",9,1998,2,"1998.2",0.84
"407",9,1998,3,"1998.3",0.38
"408",9,1998,4,"1998.4",0.93
"409",9,1999,1,"1999.1",0.92
"410",9,1999,2,"1999.2",0.79
"411",9,1999,3,"1999.3",0.35
"412",9,1999,4,"1999.4",0.97
"413",9,2000,1,"2000.1",1.09
"414",9,2000,2,"2000.2",0.81
"415",9,2000,3,"2000.3",0.39
"416",9,2000,4,"2000.4",1.04
"417",9,2001,1,"2001.1",1.24
"418",9,2001,2,"2001.2",0.73
"419",9,2001,3,"2001.3",0.42
"420",9,2001,4,"2001.4",1.29
"421",9,2002,1,"2002.1",0.98
"422",9,2002,2,"2002.2",0.63
"423",9,2002,3,"2002.3",0.38
"424",9,2002,4,"2002.4",1.32
"425",9,2003,1,"2003.1",1.05
"426",9,2003,2,"2003.2",0.59
"427",9,2003,3,"2003.3",0.31
"428",9,2003,4,"2003.4",1.02
"429",9,2004,1,"2004.1",1.44
"430",9,2004,2,"2004.2",0.69
"431",9,2004,3,"2004.3",0.29
"432",9,2004,4,"2004.4",0.82
"433",9,2005,1,"2005.1",1.43
"434",9,2005,2,"2005.2",0.76
"435",9,2005,3,"2005.3",0.33
"436",9,2005,4,"2005.4",1.2
"437",9,2006,1,"2006.1",1.05
"438",9,2006,2,"2006.2",1.09
"439",9,2006,3,"2006.3",0.38
"440",9,2006,4,"2006.4",1.2
"441",9,2007,1,"2007.1",1.08
"442",9,2007,2,"2007.2",0.74
"443",9,2007,3,"2007.3",0.48
"444",9,2007,4,"2007.4",1.19
"445",9,2008,1,"2008.1",1.81
"446",9,2008,2,"2008.2",0.82
"447",9,2008,3,"2008.3",0.52
"448",9,2008,4,"2008.4",1.17
"449",10,1995,1,"1995.1",1.43
"450",10,1995,2,"1995.2",1.16
"451",10,1995,3,"1995.3",0.94
"452",10,1995,4,"1995.4",1.07
"453",10,1996,1,"1996.1",1.07
"454",10,1996,2,"1996.2",1
"455",10,1996,3,"1996.3",1.09
"456",10,1996,4,"1996.4",1.2
"457",10,1997,1,"1997.1",1.11
"458",10,1997,2,"1997.2",1.09
"459",10,1997,3,"1997.3",1.01
"460",10,1997,4,"1997.4",1.26
"461",10,1998,1,"1998.1",1.51
"462",10,1998,2,"1998.2",1.11
"463",10,1998,3,"1998.3",1.01
"464",10,1998,4,"1998.4",0.94
"465",10,1999,1,"1999.1",1.08
"466",10,1999,2,"1999.2",1.32
"467",10,1999,3,"1999.3",0.99
"468",10,1999,4,"1999.4",1
"469",10,2000,1,"2000.1",1.34
"470",10,2000,2,"2000.2",1
"471",10,2000,3,"2000.3",0.9
"472",10,2000,4,"2000.4",0.94
"473",10,2001,1,"2001.1",1.19
"474",10,2001,2,"2001.2",0.97
"475",10,2001,3,"2001.3",0.88
"476",10,2001,4,"2001.4",1.26
"477",10,2002,1,"2002.1",1.1
"478",10,2002,2,"2002.2",0.92
"479",10,2002,3,"2002.3",0.91
"480",10,2002,4,"2002.4",1.23
"481",10,2003,1,"2003.1",1.25
"482",10,2003,2,"2003.2",1.1
"483",10,2003,3,"2003.3",0.9
"484",10,2003,4,"2003.4",0.96
"485",10,2004,1,"2004.1",1.45
"486",10,2004,2,"2004.2",1.34
"487",10,2004,3,"2004.3",1.08
"488",10,2004,4,"2004.4",2
"489",10,2005,1,"2005.1",1.57
"490",10,2005,2,"2005.2",1.18
"491",10,2005,3,"2005.3",1.38
"492",10,2005,4,"2005.4",1.21
"493",10,2006,1,"2006.1",1.51
"494",10,2006,2,"2006.2",1.26
"495",10,2006,3,"2006.3",1.19
"496",10,2006,4,"2006.4",1
"497",10,2007,1,"2007.1",0.97
"498",10,2007,2,"2007.2",2.16
"499",10,2007,3,"2007.3",0.99
"500",10,2007,4,"2007.4",1.75
"501",10,2008,1,"2008.1",1.48
"502",10,2008,2,"2008.2",1.15
"503",10,2008,3,"2008.3",1.14
"504",10,2008,4,"2008.4",1.12
"505",11,1995,1,"1995.1",1.57
"506",11,1995,2,"1995.2",1.33
"507",11,1995,3,"1995.3",0.92
"508",11,1995,4,"1995.4",1.2
"509",11,1996,1,"1996.1",1.17
"510",11,1996,2,"1996.2",1.13
"511",11,1996,3,"1996.3",1.07
"512",11,1996,4,"1996.4",1.36
"513",11,1997,1,"1997.1",1.3
"514",11,1997,2,"1997.2",1.27
"515",11,1997,3,"1997.3",0.97
"516",11,1997,4,"1997.4",1.34
"517",11,1998,1,"1998.1",1.61
"518",11,1998,2,"1998.2",1.17
"519",11,1998,3,"1998.3",0.95
"520",11,1998,4,"1998.4",1.07
"521",11,1999,1,"1999.1",1.24
"522",11,1999,2,"1999.2",1.48
"523",11,1999,3,"1999.3",0.93
"524",11,1999,4,"1999.4",1
"525",11,2000,1,"2000.1",1.44
"526",11,2000,2,"2000.2",1.15
"527",11,2000,3,"2000.3",0.83
"528",11,2000,4,"2000.4",0.99
"529",11,2001,1,"2001.1",1.32
"530",11,2001,2,"2001.2",1.05
"531",11,2001,3,"2001.3",0.85
"532",11,2001,4,"2001.4",1.4
"533",11,2002,1,"2002.1",1.25
"534",11,2002,2,"2002.2",1.06
"535",11,2002,3,"2002.3",0.85
"536",11,2002,4,"2002.4",1.36
"537",11,2003,1,"2003.1",1.41
"538",11,2003,2,"2003.2",1.17
"539",11,2003,3,"2003.3",0.86
"540",11,2003,4,"2003.4",1.1
"541",11,2004,1,"2004.1",1.37
"542",11,2004,2,"2004.2",1.29
"543",11,2004,3,"2004.3",1.08
"544",11,2004,4,"2004.4",1.91
"545",11,2005,1,"2005.1",1.5
"546",11,2005,2,"2005.2",1.12
"547",11,2005,3,"2005.3",1.41
"548",11,2005,4,"2005.4",1.47
"549",11,2006,1,"2006.1",1.55
"550",11,2006,2,"2006.2",1.43
"551",11,2006,3,"2006.3",1.08
"552",11,2006,4,"2006.4",1.16
"553",11,2007,1,"2007.1",1.07
"554",11,2007,2,"2007.2",1.89
"555",11,2007,3,"2007.3",0.97
"556",11,2007,4,"2007.4",2.12
"557",11,2008,1,"2008.1",1.84
"558",11,2008,2,"2008.2",1.35
"559",11,2008,3,"2008.3",0.91
"560",11,2008,4,"2008.4",1.14
"561",14,1995,1,"1995.1",1.99
"562",14,1995,2,"1995.2",1.4
"563",14,1995,3,"1995.3",1
"564",14,1995,4,"1995.4",1.4
"565",14,1996,1,"1996.1",1.31
"566",14,1996,2,"1996.2",1.21
"567",14,1996,3,"1996.3",1.19
"568",14,1996,4,"1996.4",1.49
"569",14,1997,1,"1997.1",1.44
"570",14,1997,2,"1997.2",1.4
"571",14,1997,3,"1997.3",1.35
"572",14,1997,4,"1997.4",1.51
"573",14,1998,1,"1998.1",2.15
"574",14,1998,2,"1998.2",1.29
"575",14,1998,3,"1998.3",1.15
"576",14,1998,4,"1998.4",1.1
"577",14,1999,1,"1999.1",1.36
"578",14,1999,2,"1999.2",1.73
"579",14,1999,3,"1999.3",1.1
"580",14,1999,4,"1999.4",1.06
"581",14,2000,1,"2000.1",1.66
"582",14,2000,2,"2000.2",1.3
"583",14,2000,3,"2000.3",1.15
"584",14,2000,4,"2000.4",1.07
"585",14,2001,1,"2001.1",1.5
"586",14,2001,2,"2001.2",1.13
"587",14,2001,3,"2001.3",1.12
"588",14,2001,4,"2001.4",1.69
"589",14,2002,1,"2002.1",1.47
"590",14,2002,2,"2002.2",1.07
"591",14,2002,3,"2002.3",1.14
"592",14,2002,4,"2002.4",1.61
"593",14,2003,1,"2003.1",1.73
"594",14,2003,2,"2003.2",1.28
"595",14,2003,3,"2003.3",1.1
"596",14,2003,4,"2003.4",1.19
"597",14,2004,1,"2004.1",2.17
"598",14,2004,2,"2004.2",1.12
"599",14,2004,3,"2004.3",0.98
"600",14,2004,4,"2004.4",2.69
"601",14,2005,1,"2005.1",2.15
"602",14,2005,2,"2005.2",1
"603",14,2005,3,"2005.3",1.13
"604",14,2005,4,"2005.4",1.99
"605",14,2006,1,"2006.1",2.12
"606",14,2006,2,"2006.2",1.55
"607",14,2006,3,"2006.3",1.05
"608",14,2006,4,"2006.4",1.32
"609",14,2007,1,"2007.1",1.37
"610",14,2007,2,"2007.2",2.08
"611",14,2007,3,"2007.3",1.02
"612",14,2007,4,"2007.4",2.15
"613",14,2008,1,"2008.1",2.56
"614",14,2008,2,"2008.2",1.33
"615",14,2008,3,"2008.3",1.21
"616",14,2008,4,"2008.4",1.66
"617",16,1995,1,"1995.1",1.99
"618",16,1995,2,"1995.2",1.4
"619",16,1995,3,"1995.3",1
"620",16,1995,4,"1995.4",1.4
"621",16,1996,1,"1996.1",1.31
"622",16,1996,2,"1996.2",1.21
"623",16,1996,3,"1996.3",1.19
"624",16,1996,4,"1996.4",1.49
"625",16,1997,1,"1997.1",1.44
"626",16,1997,2,"1997.2",1.4
"627",16,1997,3,"1997.3",1.35
"628",16,1997,4,"1997.4",1.51
"629",16,1998,1,"1998.1",2.15
"630",16,1998,2,"1998.2",1.29
"631",16,1998,3,"1998.3",1.15
"632",16,1998,4,"1998.4",1.1
"633",16,1999,1,"1999.1",1.36
"634",16,1999,2,"1999.2",1.73
"635",16,1999,3,"1999.3",1.1
"636",16,1999,4,"1999.4",1.06
"637",16,2000,1,"2000.1",1.66
"638",16,2000,2,"2000.2",1.3
"639",16,2000,3,"2000.3",1.15
"640",16,2000,4,"2000.4",1.07
"641",16,2001,1,"2001.1",1.5
"642",16,2001,2,"2001.2",1.13
"643",16,2001,3,"2001.3",1.12
"644",16,2001,4,"2001.4",1.69
"645",16,2002,1,"2002.1",1.47
"646",16,2002,2,"2002.2",1.07
"647",16,2002,3,"2002.3",1.14
"648",16,2002,4,"2002.4",1.61
"649",16,2003,1,"2003.1",1.73
"650",16,2003,2,"2003.2",1.28
"651",16,2003,3,"2003.3",1.1
"652",16,2003,4,"2003.4",1.19
"653",16,2004,1,"2004.1",2.17
"654",16,2004,2,"2004.2",1.12
"655",16,2004,3,"2004.3",0.98
"656",16,2004,4,"2004.4",2.69
"657",16,2005,1,"2005.1",2.15
"658",16,2005,2,"2005.2",1
"659",16,2005,3,"2005.3",1.13
"660",16,2005,4,"2005.4",1.99
"661",16,2006,1,"2006.1",2.12
"662",16,2006,2,"2006.2",1.55
"663",16,2006,3,"2006.3",1.05
"664",16,2006,4,"2006.4",1.32
"665",16,2007,1,"2007.1",1.37
"666",16,2007,2,"2007.2",2.08
"667",16,2007,3,"2007.3",1.02
"668",16,2007,4,"2007.4",2.15
"669",16,2008,1,"2008.1",2.56
"670",16,2008,2,"2008.2",1.33
"671",16,2008,3,"2008.3",1.21
"672",16,2008,4,"2008.4",1.66
"673",21,1995,1,"1995.1",3.03
"674",21,1995,2,"1995.2",1.7
"675",21,1995,3,"1995.3",1.18
"676",21,1995,4,"1995.4",2.39
"677",21,1996,1,"1996.1",2.44
"678",21,1996,2,"1996.2",1.46
"679",21,1996,3,"1996.3",1.43
"680",21,1996,4,"1996.4",1.79
"681",21,1997,1,"1997.1",2.26
"682",21,1997,2,"1997.2",1.5
"683",21,1997,3,"1997.3",1.54
"684",21,1997,4,"1997.4",2.56
"685",21,1998,1,"1998.1",3.39
"686",21,1998,2,"1998.2",1.92
"687",21,1998,3,"1998.3",1.26
"688",21,1998,4,"1998.4",1.71
"689",21,1999,1,"1999.1",1.79
"690",21,1999,2,"1999.2",1.73
"691",21,1999,3,"1999.3",1.2
"692",21,1999,4,"1999.4",1.47
"693",21,2000,1,"2000.1",2.56
"694",21,2000,2,"2000.2",1.49
"695",21,2000,3,"2000.3",1.11
"696",21,2000,4,"2000.4",1.57
"697",21,2001,1,"2001.1",2.54
"698",21,2001,2,"2001.2",1.45
"699",21,2001,3,"2001.3",1.23
"700",21,2001,4,"2001.4",2.55
"701",21,2002,1,"2002.1",1.75
"702",21,2002,2,"2002.2",1.47
"703",21,2002,3,"2002.3",1.24
"704",21,2002,4,"2002.4",2.59
"705",21,2003,1,"2003.1",2.01
"706",21,2003,2,"2003.2",1.45
"707",21,2003,3,"2003.3",1.22
"708",21,2003,4,"2003.4",2.06
"709",21,2004,1,"2004.1",2.34
"710",21,2004,2,"2004.2",1.72
"711",21,2004,3,"2004.3",1.5
"712",21,2004,4,"2004.4",2.02
"713",21,2005,1,"2005.1",2.56
"714",21,2005,2,"2005.2",1.65
"715",21,2005,3,"2005.3",1.62
"716",21,2005,4,"2005.4",2.93
"717",21,2006,1,"2006.1",2.62
"718",21,2006,2,"2006.2",2.3
"719",21,2006,3,"2006.3",1.51
"720",21,2006,4,"2006.4",2.27
"721",21,2007,1,"2007.1",1.81
"722",21,2007,2,"2007.2",2.62
"723",21,2007,3,"2007.3",1.5
"724",21,2007,4,"2007.4",3.86
"725",21,2008,1,"2008.1",3.68
"726",21,2008,2,"2008.2",1.77
"727",21,2008,3,"2008.3",1.56
"728",21,2008,4,"2008.4",1.7
"729",22,1995,1,"1995.1",4.51
"730",22,1995,2,"1995.2",2.34
"731",22,1995,3,"1995.3",1.88
"732",22,1995,4,"1995.4",3.51
"733",22,1996,1,"1996.1",2.61
"734",22,1996,2,"1996.2",2.15
"735",22,1996,3,"1996.3",1.59
"736",22,1996,4,"1996.4",2.35
"737",22,1997,1,"1997.1",2.74
"738",22,1997,2,"1997.2",1.99
"739",22,1997,3,"1997.3",2.03
"740",22,1997,4,"1997.4",2.91
"741",22,1998,1,"1998.1",5.32
"742",22,1998,2,"1998.2",2.35
"743",22,1998,3,"1998.3",1.42
"744",22,1998,4,"1998.4",2.49
"745",22,1999,1,"1999.1",2.39
"746",22,1999,2,"1999.2",2.12
"747",22,1999,3,"1999.3",1.43
"748",22,1999,4,"1999.4",2.55
"749",22,2000,1,"2000.1",3.46
"750",22,2000,2,"2000.2",2.08
"751",22,2000,3,"2000.3",1.49
"752",22,2000,4,"2000.4",2.77
"753",22,2001,1,"2001.1",3.71
"754",22,2001,2,"2001.2",1.97
"755",22,2001,3,"2001.3",1.48
"756",22,2001,4,"2001.4",3.82
"757",22,2002,1,"2002.1",2.76
"758",22,2002,2,"2002.2",1.86
"759",22,2002,3,"2002.3",1.38
"760",22,2002,4,"2002.4",4.28
"761",22,2003,1,"2003.1",2.85
"762",22,2003,2,"2003.2",1.91
"763",22,2003,3,"2003.3",1.42
"764",22,2003,4,"2003.4",2.59
"765",22,2004,1,"2004.1",3.88
"766",22,2004,2,"2004.2",2.18
"767",22,2004,3,"2004.3",1.86
"768",22,2004,4,"2004.4",1.86
"769",22,2005,1,"2005.1",3.07
"770",22,2005,2,"2005.2",2.21
"771",22,2005,3,"2005.3",1.77
"772",22,2005,4,"2005.4",4.67
"773",22,2006,1,"2006.1",2.84
"774",22,2006,2,"2006.2",2.58
"775",22,2006,3,"2006.3",1.56
"776",22,2006,4,"2006.4",3.31
"777",22,2007,1,"2007.1",2.65
"778",22,2007,2,"2007.2",2.93
"779",22,2007,3,"2007.3",1.69
"780",22,2007,4,"2007.4",6.26
"781",22,2008,1,"2008.1",6.33
"782",22,2008,2,"2008.2",2.56
"783",22,2008,3,"2008.3",1.56
"784",22,2008,4,"2008.4",2.61
"785",23,1995,1,"1995.1",4.09
"786",23,1995,2,"1995.2",2.09
"787",23,1995,3,"1995.3",1.66
"788",23,1995,4,"1995.4",3.19
"789",23,1996,1,"1996.1",2.36
"790",23,1996,2,"1996.2",1.96
"791",23,1996,3,"1996.3",1.43
"792",23,1996,4,"1996.4",2.13
"793",23,1997,1,"1997.1",2.5
"794",23,1997,2,"1997.2",1.81
"795",23,1997,3,"1997.3",1.81
"796",23,1997,4,"1997.4",2.66
"797",23,1998,1,"1998.1",4.79
"798",23,1998,2,"1998.2",2.15
"799",23,1998,3,"1998.3",1.3
"800",23,1998,4,"1998.4",2.23
"801",23,1999,1,"1999.1",2.13
"802",23,1999,2,"1999.2",1.92
"803",23,1999,3,"1999.3",1.3
"804",23,1999,4,"1999.4",2.28
"805",23,2000,1,"2000.1",3.11
"806",23,2000,2,"2000.2",1.87
"807",23,2000,3,"2000.3",1.32
"808",23,2000,4,"2000.4",2.48
"809",23,2001,1,"2001.1",3.38
"810",23,2001,2,"2001.2",1.78
"811",23,2001,3,"2001.3",1.34
"812",23,2001,4,"2001.4",3.48
"813",23,2002,1,"2002.1",2.48
"814",23,2002,2,"2002.2",1.65
"815",23,2002,3,"2002.3",1.25
"816",23,2002,4,"2002.4",3.85
"817",23,2003,1,"2003.1",2.6
"818",23,2003,2,"2003.2",1.71
"819",23,2003,3,"2003.3",1.3
"820",23,2003,4,"2003.4",2.33
"821",23,2004,1,"2004.1",3.32
"822",23,2004,2,"2004.2",1.88
"823",23,2004,3,"2004.3",1.55
"824",23,2004,4,"2004.4",1.83
"825",23,2005,1,"2005.1",2.82
"826",23,2005,2,"2005.2",2.03
"827",23,2005,3,"2005.3",1.88
"828",23,2005,4,"2005.4",4.13
"829",23,2006,1,"2006.1",2.63
"830",23,2006,2,"2006.2",2.4
"831",23,2006,3,"2006.3",1.4
"832",23,2006,4,"2006.4",2.83
"833",23,2007,1,"2007.1",2.42
"834",23,2007,2,"2007.2",2.61
"835",23,2007,3,"2007.3",1.47
"836",23,2007,4,"2007.4",6
"837",23,2008,1,"2008.1",5.84
"838",23,2008,2,"2008.2",2.21
"839",23,2008,3,"2008.3",1.36
"840",23,2008,4,"2008.4",2.37
"841",24,1995,1,"1995.1",2.33
"842",24,1995,2,"1995.2",1.94
"843",24,1995,3,"1995.3",1.33
"844",24,1995,4,"1995.4",2
"845",24,1996,1,"1996.1",1.91
"846",24,1996,2,"1996.2",1.74
"847",24,1996,3,"1996.3",1.47
"848",24,1996,4,"1996.4",2.02
"849",24,1997,1,"1997.1",2.02
"850",24,1997,2,"1997.2",1.98
"851",24,1997,3,"1997.3",1.33
"852",24,1997,4,"1997.4",1.93
"853",24,1998,1,"1998.1",2.39
"854",24,1998,2,"1998.2",1.69
"855",24,1998,3,"1998.3",1.31
"856",24,1998,4,"1998.4",1.62
"857",24,1999,1,"1999.1",1.93
"858",24,1999,2,"1999.2",2.24
"859",24,1999,3,"1999.3",1.28
"860",24,1999,4,"1999.4",1.59
"861",24,2000,1,"2000.1",2.19
"862",24,2000,2,"2000.2",1.88
"863",24,2000,3,"2000.3",1.16
"864",24,2000,4,"2000.4",1.61
"865",24,2001,1,"2001.1",2.11
"866",24,2001,2,"2001.2",1.61
"867",24,2001,3,"2001.3",1.24
"868",24,2001,4,"2001.4",2.29
"869",24,2002,1,"2002.1",2.08
"870",24,2002,2,"2002.2",1.59
"871",24,2002,3,"2002.3",1.21
"872",24,2002,4,"2002.4",2.22
"873",24,2003,1,"2003.1",2.31
"874",24,2003,2,"2003.2",1.7
"875",24,2003,3,"2003.3",1.26
"876",24,2003,4,"2003.4",1.75
"877",24,2004,1,"2004.1",2.56
"878",24,2004,2,"2004.2",1.83
"879",24,2004,3,"2004.3",1.5
"880",24,2004,4,"2004.4",1.46
"881",24,2005,1,"2005.1",2.03
"882",24,2005,2,"2005.2",1.62
"883",24,2005,3,"2005.3",1.82
"884",24,2005,4,"2005.4",3.06
"885",24,2006,1,"2006.1",2.07
"886",24,2006,2,"2006.2",2.04
"887",24,2006,3,"2006.3",1.39
"888",24,2006,4,"2006.4",2.3
"889",24,2007,1,"2007.1",1.91
"890",24,2007,2,"2007.2",2.62
"891",24,2007,3,"2007.3",1.42
"892",24,2007,4,"2007.4",4.13
"893",24,2008,1,"2008.1",4.18
"894",24,2008,2,"2008.2",2.09
"895",24,2008,3,"2008.3",1.35
"896",24,2008,4,"2008.4",1.81
"897",25,1995,1,"1995.1",2.0375
"898",25,1995,2,"1995.2",1.695
"899",25,1995,3,"1995.3",1.175
"900",25,1995,4,"1995.4",1.7075
"901",25,1996,1,"1996.1",1.61
"902",25,1996,2,"1996.2",1.4975
"903",25,1996,3,"1996.3",1.375
"904",25,1996,4,"1996.4",1.77
"905",25,1997,1,"1997.1",1.7375
"906",25,1997,2,"1997.2",1.695
"907",25,1997,3,"1997.3",1.2375
"908",25,1997,4,"1997.4",1.7125
"909",25,1998,1,"1998.1",2.11
"910",25,1998,2,"1998.2",1.5075
"911",25,1998,3,"1998.3",1.235
"912",25,1998,4,"1998.4",1.3825
"913",25,1999,1,"1999.1",1.6625
"914",25,1999,2,"1999.2",1.955
"915",25,1999,3,"1999.3",1.2225
"916",25,1999,4,"1999.4",1.3475
"917",25,2000,1,"2000.1",1.93
"918",25,2000,2,"2000.2",1.5925
"919",25,2000,3,"2000.3",1.1
"920",25,2000,4,"2000.4",1.3525
"921",25,2001,1,"2001.1",1.805
"922",25,2001,2,"2001.2",1.3925
"923",25,2001,3,"2001.3",1.1225
"924",25,2001,4,"2001.4",1.9725
"925",25,2002,1,"2002.1",1.765
"926",25,2002,2,"2002.2",1.36
"927",25,2002,3,"2002.3",1.1275
"928",25,2002,4,"2002.4",1.9175
"929",25,2003,1,"2003.1",1.985
"930",25,2003,2,"2003.2",1.51
"931",25,2003,3,"2003.3",1.15
"932",25,2003,4,"2003.4",1.4875
"933",25,2004,1,"2004.1",1.99
"934",25,2004,2,"2004.2",1.74
"935",25,2004,3,"2004.3",1.315
"936",25,2004,4,"2004.4",1.7025
"937",25,2005,1,"2005.1",1.7825
"938",25,2005,2,"2005.2",1.4675
"939",25,2005,3,"2005.3",1.86
"940",25,2005,4,"2005.4",2.8825
"941",25,2006,1,"2006.1",1.8375
"942",25,2006,2,"2006.2",1.7425
"943",25,2006,3,"2006.3",1.3975
"944",25,2006,4,"2006.4",1.9175
"945",25,2007,1,"2007.1",1.62
"946",25,2007,2,"2007.2",2.3075
"947",25,2007,3,"2007.3",1.2825
"948",25,2007,4,"2007.4",3.8725
"949",25,2008,1,"2008.1",3.76
"950",25,2008,2,"2008.2",1.81
"951",25,2008,3,"2008.3",1.2975
"952",25,2008,4,"2008.4",1.45
"953",28,1995,1,"1995.1",2.89
"954",28,1995,2,"1995.2",1.91
"955",28,1995,3,"1995.3",1.42
"956",28,1995,4,"1995.4",2.41
"957",28,1996,1,"1996.1",1.98
"958",28,1996,2,"1996.2",1.74
"959",28,1996,3,"1996.3",1.05
"960",28,1996,4,"1996.4",1.93
"961",28,1997,1,"1997.1",2.07
"962",28,1997,2,"1997.2",1.7
"963",28,1997,3,"1997.3",1.59
"964",28,1997,4,"1997.4",2.03
"965",28,1998,1,"1998.1",3.3
"966",28,1998,2,"1998.2",1.78
"967",28,1998,3,"1998.3",1.03
"968",28,1998,4,"1998.4",2.02
"969",28,1999,1,"1999.1",1.94
"970",28,1999,2,"1999.2",1.72
"971",28,1999,3,"1999.3",1.04
"972",28,1999,4,"1999.4",2.07
"973",28,2000,1,"2000.1",2.28
"974",28,2000,2,"2000.2",1.78
"975",28,2000,3,"2000.3",1.06
"976",28,2000,4,"2000.4",2.13
"977",28,2001,1,"2001.1",2.52
"978",28,2001,2,"2001.2",1.63
"979",28,2001,3,"2001.3",1.07
"980",28,2001,4,"2001.4",2.63
"981",28,2002,1,"2002.1",2.08
"982",28,2002,2,"2002.2",1.54
"983",28,2002,3,"2002.3",0.99
"984",28,2002,4,"2002.4",2.82
"985",28,2003,1,"2003.1",2.13
"986",28,2003,2,"2003.2",1.45
"987",28,2003,3,"2003.3",0.88
"988",28,2003,4,"2003.4",2.07
"989",28,2004,1,"2004.1",3.5
"990",28,2004,2,"2004.2",1.57
"991",28,2004,3,"2004.3",1.17
"992",28,2004,4,"2004.4",1.76
"993",28,2005,1,"2005.1",2.38
"994",28,2005,2,"2005.2",1.51
"995",28,2005,3,"2005.3",0.89
"996",28,2005,4,"2005.4",2.23
"997",28,2006,1,"2006.1",2.42
"998",28,2006,2,"2006.2",2.07
"999",28,2006,3,"2006.3",1.2
"1000",28,2006,4,"2006.4",2.64
"1001",28,2007,1,"2007.1",2.66
"1002",28,2007,2,"2007.2",2.01
"1003",28,2007,3,"2007.3",1.18
"1004",28,2007,4,"2007.4",2.38
"1005",28,2008,1,"2008.1",3.79
"1006",28,2008,2,"2008.2",1.98
"1007",28,2008,3,"2008.3",1.12
"1008",28,2008,4,"2008.4",2.44
"1009",31,1995,1,"1995.1",1.59
"1010",31,1995,2,"1995.2",0.99
"1011",31,1995,3,"1995.3",0.75
"1012",31,1995,4,"1995.4",1.34
"1013",31,1996,1,"1996.1",1.08
"1014",31,1996,2,"1996.2",0.9
"1015",31,1996,3,"1996.3",0.61
"1016",31,1996,4,"1996.4",0.99
"1017",31,1997,1,"1997.1",1.13
"1018",31,1997,2,"1997.2",0.83
"1019",31,1997,3,"1997.3",0.83
"1020",31,1997,4,"1997.4",1.17
"1021",31,1998,1,"1998.1",1.78
"1022",31,1998,2,"1998.2",0.97
"1023",31,1998,3,"1998.3",0.55
"1024",31,1998,4,"1998.4",1.04
"1025",31,1999,1,"1999.1",1
"1026",31,1999,2,"1999.2",0.89
"1027",31,1999,3,"1999.3",0.54
"1028",31,1999,4,"1999.4",1.07
"1029",31,2000,1,"2000.1",1.26
"1030",31,2000,2,"2000.2",0.87
"1031",31,2000,3,"2000.3",0.59
"1032",31,2000,4,"2000.4",1.14
"1033",31,2001,1,"2001.1",1.39
"1034",31,2001,2,"2001.2",0.81
"1035",31,2001,3,"2001.3",0.59
"1036",31,2001,4,"2001.4",1.43
"1037",31,2002,1,"2002.1",1.12
"1038",31,2002,2,"2002.2",0.74
"1039",31,2002,3,"2002.3",0.52
"1040",31,2002,4,"2002.4",1.52
"1041",31,2003,1,"2003.1",1.17
"1042",31,2003,2,"2003.2",0.77
"1043",31,2003,3,"2003.3",0.52
"1044",31,2003,4,"2003.4",1.09
"1045",31,2004,1,"2004.1",2.14
"1046",31,2004,2,"2004.2",0.88
"1047",31,2004,3,"2004.3",0.62
"1048",31,2004,4,"2004.4",0.92
"1049",31,2005,1,"2005.1",1.39
"1050",31,2005,2,"2005.2",0.94
"1051",31,2005,3,"2005.3",0.64
"1052",31,2005,4,"2005.4",1.21
"1053",31,2006,1,"2006.1",1.25
"1054",31,2006,2,"2006.2",1.15
"1055",31,2006,3,"2006.3",0.58
"1056",31,2006,4,"2006.4",1.46
"1057",31,2007,1,"2007.1",1.09
"1058",31,2007,2,"2007.2",1.09
"1059",31,2007,3,"2007.3",0.6
"1060",31,2007,4,"2007.4",1.03
"1061",31,2008,1,"2008.1",2.12
"1062",31,2008,2,"2008.2",1
"1063",31,2008,3,"2008.3",0.62
"1064",31,2008,4,"2008.4",1.1
"1065",34,1995,1,"1995.1",2.09
"1066",34,1995,2,"1995.2",1.15
"1067",34,1995,3,"1995.3",0.93
"1068",34,1995,4,"1995.4",1.78
"1069",34,1996,1,"1996.1",1.44
"1070",34,1996,2,"1996.2",1.05
"1071",34,1996,3,"1996.3",0.95
"1072",34,1996,4,"1996.4",1.2
"1073",34,1997,1,"1997.1",1.49
"1074",34,1997,2,"1997.2",0.94
"1075",34,1997,3,"1997.3",1.08
"1076",34,1997,4,"1997.4",1.61
"1077",34,1998,1,"1998.1",2.3
"1078",34,1998,2,"1998.2",1.26
"1079",34,1998,3,"1998.3",0.88
"1080",34,1998,4,"1998.4",1.29
"1081",34,1999,1,"1999.1",1.2
"1082",34,1999,2,"1999.2",1.03
"1083",34,1999,3,"1999.3",0.82
"1084",34,1999,4,"1999.4",1.29
"1085",34,2000,1,"2000.1",1.83
"1086",34,2000,2,"2000.2",0.99
"1087",34,2000,3,"2000.3",0.91
"1088",34,2000,4,"2000.4",1.47
"1089",34,2001,1,"2001.1",1.84
"1090",34,2001,2,"2001.2",0.93
"1091",34,2001,3,"2001.3",0.74
"1092",34,2001,4,"2001.4",1.86
"1093",34,2002,1,"2002.1",1.46
"1094",34,2002,2,"2002.2",0.87
"1095",34,2002,3,"2002.3",0.76
"1096",34,2002,4,"2002.4",2
"1097",34,2003,1,"2003.1",1.52
"1098",34,2003,2,"2003.2",0.93
"1099",34,2003,3,"2003.3",0.79
"1100",34,2003,4,"2003.4",1.35
"1101",34,2004,1,"2004.1",2.04
"1102",34,2004,2,"2004.2",1.19
"1103",34,2004,3,"2004.3",0.96
"1104",34,2004,4,"2004.4",2.31
"1105",34,2005,1,"2005.1",1.84
"1106",34,2005,2,"2005.2",1
"1107",34,2005,3,"2005.3",1.34
"1108",34,2005,4,"2005.4",1.38
"1109",34,2006,1,"2006.1",1.69
"1110",34,2006,2,"2006.2",1.32
"1111",34,2006,3,"2006.3",0.96
"1112",34,2006,4,"2006.4",1.43
"1113",34,2007,1,"2007.1",1.21
"1114",34,2007,2,"2007.2",1.64
"1115",34,2007,3,"2007.3",0.78
"1116",34,2007,4,"2007.4",1.8
"1117",34,2008,1,"2008.1",2.55
"1118",34,2008,2,"2008.2",1.13
"1119",34,2008,3,"2008.3",0.83
"1120",34,2008,4,"2008.4",1.33
"1121",35,1995,1,"1995.1",5.91
"1122",35,1995,2,"1995.2",3.21
"1123",35,1995,3,"1995.3",2.32
"1124",35,1995,4,"1995.4",4.62
"1125",35,1996,1,"1996.1",3.49
"1126",35,1996,2,"1996.2",2.86
"1127",35,1996,3,"1996.3",1.58
"1128",35,1996,4,"1996.4",3.21
"1129",35,1997,1,"1997.1",3.68
"1130",35,1997,2,"1997.2",2.7
"1131",35,1997,3,"1997.3",2.64
"1132",35,1997,4,"1997.4",3.74
"1133",35,1998,1,"1998.1",6.99
"1134",35,1998,2,"1998.2",3.05
"1135",35,1998,3,"1998.3",1.6
"1136",35,1998,4,"1998.4",3.43
"1137",35,1999,1,"1999.1",3.28
"1138",35,1999,2,"1999.2",2.83
"1139",35,1999,3,"1999.3",1.66
"1140",35,1999,4,"1999.4",3.53
"1141",35,2000,1,"2000.1",4.44
"1142",35,2000,2,"2000.2",2.84
"1143",35,2000,3,"2000.3",1.72
"1144",35,2000,4,"2000.4",3.75
"1145",35,2001,1,"2001.1",4.89
"1146",35,2001,2,"2001.2",2.61
"1147",35,2001,3,"2001.3",1.71
"1148",35,2001,4,"2001.4",5.1
"1149",35,2002,1,"2002.1",3.71
"1150",35,2002,2,"2002.2",2.45
"1151",35,2002,3,"2002.3",1.54
"1152",35,2002,4,"2002.4",5.67
"1153",35,2003,1,"2003.1",3.81
"1154",35,2003,2,"2003.2",2.4
"1155",35,2003,3,"2003.3",1.44
"1156",35,2003,4,"2003.4",3.53
"1157",35,2004,1,"2004.1",5.95
"1158",35,2004,2,"2004.2",2.02
"1159",35,2004,3,"2004.3",2
"1160",35,2004,4,"2004.4",2.72
"1161",35,2005,1,"2005.1",4.29
"1162",35,2005,2,"2005.2",2.62
"1163",35,2005,3,"2005.3",1.3
"1164",35,2005,4,"2005.4",5.35
"1165",35,2006,1,"2006.1",4.29
"1166",35,2006,2,"2006.2",3.38
"1167",35,2006,3,"2006.3",1.34
"1168",35,2006,4,"2006.4",4.19
"1169",35,2007,1,"2007.1",4.2
"1170",35,2007,2,"2007.2",3.53
"1171",35,2007,3,"2007.3",1.22
"1172",35,2007,4,"2007.4",5.77
"1173",35,2008,1,"2008.1",8.46
"1174",35,2008,2,"2008.2",3.44
"1175",35,2008,3,"2008.3",2.14
"1176",35,2008,4,"2008.4",3.57
"1177",36,1995,1,"1995.1",2.33
"1178",36,1995,2,"1995.2",1.33
"1179",36,1995,3,"1995.3",0.95
"1180",36,1995,4,"1995.4",2
"1181",36,1996,1,"1996.1",1.6
"1182",36,1996,2,"1996.2",1.19
"1183",36,1996,3,"1996.3",0.84
"1184",36,1996,4,"1996.4",1.38
"1185",36,1997,1,"1997.1",1.67
"1186",36,1997,2,"1997.2",1.09
"1187",36,1997,3,"1997.3",1.07
"1188",36,1997,4,"1997.4",1.77
"1189",36,1998,1,"1998.1",2.57
"1190",36,1998,2,"1998.2",1.4
"1191",36,1998,3,"1998.3",0.76
"1192",36,1998,4,"1998.4",1.45
"1193",36,1999,1,"1999.1",1.37
"1194",36,1999,2,"1999.2",1.16
"1195",36,1999,3,"1999.3",0.68
"1196",36,1999,4,"1999.4",1.51
"1197",36,2000,1,"2000.1",1.98
"1198",36,2000,2,"2000.2",1.16
"1199",36,2000,3,"2000.3",0.82
"1200",36,2000,4,"2000.4",1.65
"1201",36,2001,1,"2001.1",2.07
"1202",36,2001,2,"2001.2",1.06
"1203",36,2001,3,"2001.3",0.7
"1204",36,2001,4,"2001.4",2.11
"1205",36,2002,1,"2002.1",1.64
"1206",36,2002,2,"2002.2",0.97
"1207",36,2002,3,"2002.3",0.66
"1208",36,2002,4,"2002.4",2.23
"1209",36,2003,1,"2003.1",1.71
"1210",36,2003,2,"2003.2",0.96
"1211",36,2003,3,"2003.3",0.71
"1212",36,2003,4,"2003.4",1.54
"1213",36,2004,1,"2004.1",2.43
"1214",36,2004,2,"2004.2",0.94
"1215",36,2004,3,"2004.3",0.83
"1216",36,2004,4,"2004.4",2.26
"1217",36,2005,1,"2005.1",1.98
"1218",36,2005,2,"2005.2",1.03
"1219",36,2005,3,"2005.3",0.75
"1220",36,2005,4,"2005.4",2.06
"1221",36,2006,1,"2006.1",2.13
"1222",36,2006,2,"2006.2",1.7
"1223",36,2006,3,"2006.3",0.7
"1224",36,2006,4,"2006.4",1.52
"1225",36,2007,1,"2007.1",1.62
"1226",36,2007,2,"2007.2",1.57
"1227",36,2007,3,"2007.3",0.86
"1228",36,2007,4,"2007.4",2.11
"1229",36,2008,1,"2008.1",2.88
"1230",36,2008,2,"2008.2",1.22
"1231",36,2008,3,"2008.3",0.72
"1232",36,2008,4,"2008.4",1.75
"1233",37,1995,1,"1995.1",1.99
"1234",37,1995,2,"1995.2",1.4
"1235",37,1995,3,"1995.3",1
"1236",37,1995,4,"1995.4",1.4
"1237",37,1996,1,"1996.1",1.31
"1238",37,1996,2,"1996.2",1.21
"1239",37,1996,3,"1996.3",1.19
"1240",37,1996,4,"1996.4",1.49
"1241",37,1997,1,"1997.1",1.44
"1242",37,1997,2,"1997.2",1.4
"1243",37,1997,3,"1997.3",1.35
"1244",37,1997,4,"1997.4",1.51
"1245",37,1998,1,"1998.1",2.15
"1246",37,1998,2,"1998.2",1.29
"1247",37,1998,3,"1998.3",1.15
"1248",37,1998,4,"1998.4",1.1
"1249",37,1999,1,"1999.1",1.36
"1250",37,1999,2,"1999.2",1.73
"1251",37,1999,3,"1999.3",1.1
"1252",37,1999,4,"1999.4",1.06
"1253",37,2000,1,"2000.1",1.66
"1254",37,2000,2,"2000.2",1.3
"1255",37,2000,3,"2000.3",1.15
"1256",37,2000,4,"2000.4",1.07
"1257",37,2001,1,"2001.1",1.5
"1258",37,2001,2,"2001.2",1.13
"1259",37,2001,3,"2001.3",1.12
"1260",37,2001,4,"2001.4",1.69
"1261",37,2002,1,"2002.1",1.47
"1262",37,2002,2,"2002.2",1.07
"1263",37,2002,3,"2002.3",1.14
"1264",37,2002,4,"2002.4",1.61
"1265",37,2003,1,"2003.1",1.73
"1266",37,2003,2,"2003.2",1.28
"1267",37,2003,3,"2003.3",1.1
"1268",37,2003,4,"2003.4",1.19
"1269",37,2004,1,"2004.1",2.17
"1270",37,2004,2,"2004.2",1.12
"1271",37,2004,3,"2004.3",0.98
"1272",37,2004,4,"2004.4",2.69
"1273",37,2005,1,"2005.1",2.15
"1274",37,2005,2,"2005.2",1
"1275",37,2005,3,"2005.3",1.13
"1276",37,2005,4,"2005.4",1.99
"1277",37,2006,1,"2006.1",2.12
"1278",37,2006,2,"2006.2",1.55
"1279",37,2006,3,"2006.3",1.05
"1280",37,2006,4,"2006.4",1.32
"1281",37,2007,1,"2007.1",1.37
"1282",37,2007,2,"2007.2",2.08
"1283",37,2007,3,"2007.3",1.02
"1284",37,2007,4,"2007.4",2.15
"1285",37,2008,1,"2008.1",2.56
"1286",37,2008,2,"2008.2",1.33
"1287",37,2008,3,"2008.3",1.21
"1288",37,2008,4,"2008.4",1.66
