"","patch","year","semester","patch_conn0.5","patch_conn0.6","patch_conn0.7","patch_conn0.8","patch_conn0.9","patch_conn0.99","year.sem","patch_area","patch_biomass","patch_area_m2"
"1",131,1996,"1",28.4934916084792,4.53132806665901,0.435302722760531,0.016076800487245,5.71896282094753e-05,4.19099613887349e-13,1996-01-01,30.87,3735,308700
"2",131,1996,"2",84023.6859308035,72349.6569191561,60004.5560631115,46331.0427419684,29928.2854031423,7076.48998057176,1996-07-01,30.87,260805,308700
"3",131,1997,"1",204673.298869129,175743.177989489,148163.437176162,118087.093740961,80909.9974089384,23457.3232842499,1997-01-01,30.87,271015,308700
"4",131,1997,"2",1359.17593049833,1203.7524386961,1064.96393968933,900.699146464685,676.92661405626,262.144909245866,1997-07-01,30.87,12256,308700
"5",131,1998,"1",2.89993124201495,0.10842236094896,0.00159857347046159,4.29465505882073e-06,1.8192908339748e-10,7.3480483129563e-25,1998-01-01,30.87,0,308700
"6",131,1998,"2",395.360402490398,187.045626296854,71.7498941579186,18.6108122933295,1.85326236875209,0.000870837066702657,1998-07-01,30.87,0,308700
"7",131,1999,"1",9565.02481702178,3454.74337222301,1496.2480109659,653.915276074261,248.820701032622,52.9129143014589,1999-01-01,30.87,1458,308700
"8",131,1999,"2",5432.7747456425,3935.74697698413,2732.73429471435,1729.58381780125,848.681245476409,93.8261611164476,1999-07-01,30.87,57378,308700
"9",131,2000,"1",51.000482084829,5.44360272619819,0.547949005882496,0.0325203011566794,0.000315110745989941,6.9944980419892e-11,2000-01-01,30.87,1705,308700
"10",131,2000,"2",626.940058126042,152.197377529122,27.0588837758883,2.47197090055133,0.0420848701263452,5.75014168952169e-08,2000-07-01,30.87,289,308700
"11",131,2001,"1",11733.6641899312,3131.77647739661,679.555158680046,94.4165563576953,3.75622952117399,9.60394140985399e-05,2001-01-01,30.87,0,308700
"12",131,2001,"2",2299.16351819826,1328.61666773079,734.962747807703,353.219865857607,113.165498904762,3.20351052252946,2001-07-01,30.87,0,308700
"13",131,2002,"1",18746.072979603,7001.78840596398,2597.89850125733,897.69634712357,231.512885279859,8.29129501346327,2002-01-01,30.87,0,308700
"14",131,2002,"2",7115.02412829341,3270.22272503537,1575.79337002262,694.71843293976,196.345239757735,3.37858170399024,2002-07-01,30.87,0,308700
"15",131,2003,"1",5244.9917081689,2292.45875262607,1040.69990787471,426.43704721314,107.433875544028,1.20290362541434,2003-01-01,30.87,0,308700
"16",131,2003,"2",99486.7282411224,83221.3028023204,66552.648412094,48713.4570244948,28652.9285842585,4958.25371929269,2003-07-01,30.87,1375,308700
"17",131,2004,"1",85044.2134295957,71072.2875898201,57149.5046636931,42389.5149105894,25668.880974484,4942.69963172587,2004-01-01,30.87,0,308700
"18",131,2004,"2",204582.307063722,174678.510033476,142771.477266743,107608.465817215,66513.1083986048,13573.5924581727,2004-07-01,30.87,75209,308700
"19",131,2005,"1",268814.519759143,228896.267368744,186881.447907028,141149.082355186,88034.1071173409,18812.312638762,2005-01-01,30.87,58729,308700
"20",131,2005,"2",661501.589426428,568742.512802144,469248.610058981,358898.608862341,227980.681046626,51320.7342102054,2005-07-01,30.87,374164,308700
"21",131,2006,"1",97028.9741186074,81817.4235887314,66530.7018417173,50525.5557449,32371.0995459969,7979.52813479117,2006-01-01,30.87,136045,308700
"22",131,2006,"2",138980.722729406,119681.922795498,98891.9919304441,75720.9736771246,48169.1445954273,11025.8966111035,2006-07-01,30.87,445593,308700
"23",132,1996,"1",2301.80955276153,1928.40732480776,1559.32990925584,1161.06043618587,701.925072242683,131.913913917303,1996-01-01,47.52,0,475200
"24",132,1996,"2",169728.702431359,145631.940392744,119897.100441298,91377.9671063728,57584.606588812,12517.7620980221,1996-07-01,47.52,119306,475200
"25",132,1997,"1",233225.889817934,193620.675324846,156521.002837293,118031.604472011,74186.0022869356,16955.3563324261,1997-01-01,47.52,189115,475200
"26",132,1997,"2",9350.55441191147,8523.94453042622,7599.76707788581,6469.34338732548,4913.02289861422,1969.46719969272,1997-07-01,47.52,1748,475200
"27",132,1998,"1",3.57976212574492,0.143489995327929,0.00231140511199133,7.03098147207554e-06,3.68221002465746e-10,3.00790627735038e-24,1998-01-01,47.52,0,475200
"28",132,1998,"2",240.772092869647,96.6041599019217,30.0843673612843,5.82251291648891,0.351509374935014,3.13283055775258e-05,1998-07-01,47.52,0,475200
"29",132,1999,"1",9533.65650680485,3165.16708180637,1383.60238142069,746.467926202914,416.038323814413,109.095130780348,1999-01-01,47.52,655,475200
"30",132,1999,"2",34604.819021741,28673.6441846383,22711.0162878398,16473.693997761,9577.5695117953,1594.98272298305,1999-07-01,47.52,6604,475200
"31",132,2000,"1",1111.35359670239,901.615150893651,729.885177678623,547.424599881411,335.526018897599,66.0274284605314,2000-01-01,47.52,0,475200
"32",132,2000,"2",1089.27490381611,408.645604151304,179.926706249086,101.695197579142,59.4353050939094,12.1590003577147,2000-07-01,47.52,0,475200
"33",132,2001,"1",14923.5750074128,4463.65797880782,1126.43502741135,191.322045150136,10.471962120411,0.000748942580397194,2001-01-01,47.52,0,475200
"34",132,2001,"2",1636.73604146286,753.663055815075,319.882155019295,110.860809903368,21.2383169092215,0.112623018491697,2001-07-01,47.52,0,475200
"35",132,2002,"1",21469.3099421497,7482.91757766573,2270.42667048841,519.927949397307,67.6807945813922,0.550573506905395,2002-01-01,47.52,0,475200
"36",132,2002,"2",6798.17106348119,2320.15531583507,724.619499395778,194.42888138013,29.0206044734818,0.0729013449436407,2002-07-01,47.52,0,475200
"37",132,2003,"1",5548.53880236032,2037.1070804616,674.710924811376,179.18167273941,25.6637871443112,0.0646049596014428,2003-01-01,47.52,0,475200
"38",132,2003,"2",3347.82629982946,1841.76900630241,1100.78546238006,641.924542011297,309.244143202062,47.9894900718271,2003-07-01,47.52,164052,475200
"39",132,2004,"1",6940.8742736655,4276.23820514298,2587.22332524029,1347.27814224819,452.862949888266,12.242924083083,2004-01-01,47.52,132411,475200
"40",132,2004,"2",53219.7053607567,44377.4054478606,35441.865493128,26017.1149343395,15533.2732600787,2948.67075808908,2004-07-01,47.52,315339,475200
"41",132,2005,"1",66321.2253466364,53356.2311447472,40730.2395387984,28276.0624219203,15712.5348665531,2746.60588064515,2005-01-01,47.52,380234,475200
"42",132,2005,"2",290379.084011146,244376.218611574,196568.424280907,145608.469867357,88431.6845791362,18142.9876599653,2005-07-01,47.52,943662,475200
"43",132,2006,"1",118153.948299497,99430.0929929767,80154.9852727166,59773.5029621662,36992.3164394124,8352.40809466677,2006-01-01,47.52,106824,475200
"44",132,2006,"2",302104.371432983,259408.952195672,213526.000316818,162645.520650672,102557.891492228,22609.775855798,2006-07-01,47.52,179240,475200
"45",145,1996,"1",7076.25612006361,4580.63686210403,2665.40991633503,1252.63375900701,346.617696226243,4.92942565166972,1996-01-01,26.01,13677,260100
"46",145,1996,"2",15039.2491752156,9741.58139344433,5955.55763762194,3086.07607458472,1037.33739902872,29.9944330849272,1996-07-01,26.01,58527,260100
"47",145,1997,"1",100013.827324463,51695.6952599103,26780.7771702145,12346.4495555058,3786.64365296472,97.0315928509268,1997-01-01,26.01,195961,260100
"48",145,1997,"2",151.369712660895,29.6103162352339,3.933382363597,0.237837438078478,0.00202997894678232,2.95275296352155e-10,1997-07-01,26.01,1140,260100
"49",145,1998,"1",213.487359046489,32.8317979751218,3.01866115016716,0.108805842323735,0.000404248691108822,5.16400428001131e-12,1998-01-01,26.01,0,260100
"50",145,1998,"2",138.434906297617,50.3366496679325,14.2703055899649,2.44811711284555,0.120612511528833,5.47509367956273e-06,1998-07-01,26.01,0,260100
"51",145,1999,"1",78892.6951019751,35352.3143117464,15648.6281915266,6911.44000049054,2477.17021599734,118.103897594325,1999-01-01,26.01,83815,260100
"52",145,1999,"2",8813.37050167731,5255.59264404426,2717.60090012954,1076.72176076416,221.918945568119,1.17470000065786,1999-07-01,26.01,72234,260100
"53",145,2000,"1",9551.61895109102,4535.96239012595,2183.85209488526,935.319432360737,261.236413473184,5.18734582499827,2000-01-01,26.01,17153,260100
"54",145,2000,"2",41271.4270905006,23208.9314390916,12433.0434931844,5786.86121948663,1762.64998656493,41.5232002242624,2000-07-01,26.01,95264,260100
"55",145,2001,"1",273533.421954258,156445.734935021,81619.3625127814,35079.166566441,9388.85135556492,231.979992176527,2001-01-01,26.01,113943,260100
"56",145,2001,"2",21796.0055908676,10618.3997822415,4705.84990875393,1733.83035802846,386.78678583474,4.3948826273976,2001-07-01,26.01,61840,260100
"57",145,2002,"1",223058.453551906,128177.1366115,68144.6455335806,30886.1236488309,9408.58655303127,298.280348283846,2002-01-01,26.01,312751,260100
"58",145,2002,"2",180360.51678338,95987.4554277694,46845.1716196036,19346.4080010793,5094.75081744971,90.9099409228987,2002-07-01,26.01,323445,260100
"59",145,2003,"1",37389.1413020943,17501.8594964782,7368.64713091888,2470.4381494524,478.483108335393,4.32159507456164,2003-01-01,26.01,18350,260100
"60",145,2003,"2",39738.3084297141,19730.7481466728,9150.71394470315,3668.57670244978,962.532880020947,16.92167131686,2003-07-01,26.01,95695,260100
"61",145,2004,"1",37979.8656767662,17793.3550424136,7792.37327010185,2790.77605595826,592.944114653467,6.64607559959969,2004-01-01,26.01,74540,260100
"62",145,2004,"2",23089.7403673916,12969.5874668383,7343.13588000937,3597.29701644599,1120.49196655524,24.8173596896502,2004-07-01,26.01,141369,260100
"63",145,2005,"1",9161.89225816944,3354.22974212549,1306.89267422076,476.518751325572,114.063049778291,1.31896220417241,2005-01-01,26.01,51451,260100
"64",145,2005,"2",27077.0781082188,12786.0934222399,6010.62555805346,2461.76331344278,629.067321355526,8.30244236473605,2005-07-01,26.01,76938,260100
"65",145,2006,"1",8718.51229377921,3397.22427493842,1114.38848456609,261.991668200733,33.8189431639082,0.447748582800907,2006-01-01,26.01,0,260100
"66",145,2006,"2",13492.0021850826,6318.10715788779,3064.35746609838,1316.49300749856,360.654212172003,6.20919360407432,2006-07-01,26.01,22093,260100
"67",150,1996,"1",20579.8714020385,14443.3559134971,10139.2149890837,6479.53067139297,3088.53589138041,270.361368383582,1996-01-01,20.25,0,202500
"68",150,1996,"2",36166.9445838518,23994.1563803974,16596.9545126637,10927.3578195452,5709.40677563519,716.928518109382,1996-07-01,20.25,0,202500
"69",150,1997,"1",346926.950733098,215504.294620214,133073.464833006,77451.3258992657,35751.7249613894,3594.05755877838,1997-01-01,20.25,51693,202500
"70",150,1997,"2",382.934731602152,109.512488033073,29.1496350043164,5.75512626385069,0.436437387069031,0.000111190065529753,1997-07-01,20.25,0,202500
"71",150,1998,"1",2040.89968249302,688.773132460863,178.591155084132,28.6204655091515,1.41104677539948,9.44472622005952e-05,1998-01-01,20.25,0,202500
"72",150,1998,"2",1686.64312557035,1421.91236945702,1158.01765470208,872.825327689855,540.014150354278,109.746721594786,1998-07-01,20.25,0,202500
"73",150,1999,"1",334559.060685842,233474.967206699,160770.871436757,104967.893753457,56800.4855384777,9023.54202318658,1999-01-01,20.25,31473,202500
"74",150,1999,"2",18434.0721313156,12949.9303898602,8539.02893949776,4833.95609026356,1849.5989736292,77.3053688268401,1999-07-01,20.25,0,202500
"75",150,2000,"1",59031.4376079718,34534.7794222703,20045.2760116805,11330.7665683073,5455.52931377813,705.2608338571,2000-01-01,20.25,15082,202500
"76",150,2000,"2",133993.206712853,85856.6774529903,54160.4754908896,31886.6521954561,15035.132325562,1726.91126413513,2000-07-01,20.25,47319,202500
"77",150,2001,"1",533514.581990411,320637.755451871,176694.907100482,84295.4675186739,30272.9185837533,3239.93247751382,2001-01-01,20.25,79969,202500
"78",150,2001,"2",61719.4890563286,33416.0853769224,17222.9768275519,8076.46100357028,2982.71572348278,243.297288027041,2001-07-01,20.25,18429,202500
"79",150,2002,"1",593180.354788982,377200.995672252,232447.361107318,133257.089397919,62375.6375303129,8516.15599683822,2002-01-01,20.25,132459,202500
"80",150,2002,"2",459941.467494476,291114.305495684,175026.549218951,95264.7275251193,40902.0937659824,4610.4825748055,2002-07-01,20.25,97184,202500
"81",150,2003,"1",80924.2724511206,37259.0466095797,15576.8029373999,5621.95658664761,1545.28967736511,87.5579471603134,2003-01-01,20.25,23766,202500
"82",150,2003,"2",114951.409662893,60892.0440529296,31206.0648952226,14628.822282535,5351.28483558892,439.135754402403,2003-07-01,20.25,15292,202500
"83",150,2004,"1",131822.952188143,64308.0526336414,29434.1784427537,12332.7372489421,4250.33533349171,377.621670943594,2004-01-01,20.25,11677,202500
"84",150,2004,"2",142313.656520535,86022.1885384459,54931.0929326816,35175.9188773894,19070.0996931659,2882.70140003904,2004-07-01,20.25,4632,202500
"85",150,2005,"1",73441.0015879717,43059.8240162217,25465.8706657459,13991.4424336352,5775.28671566805,391.428652966288,2005-01-01,20.25,323,202500
"86",150,2005,"2",91568.1842259631,48386.0864940384,25641.7336906227,12996.9633354844,5264.12918836534,416.959198544652,2005-07-01,20.25,0,202500
"87",150,2006,"1",34529.2089788496,18675.3095151922,9607.90585604611,4492.5804362135,1665.34689378163,153.009140269773,2006-01-01,20.25,0,202500
"88",150,2006,"2",64493.4258295901,39516.9730518332,24913.0125950373,15140.2757140272,7339.84548057932,766.850569073247,2006-07-01,20.25,303,202500
"89",152,1996,"1",104582.554506152,78734.0373130161,55913.1473621788,35353.1538727728,16612.6045158096,1428.62902010216,1996-01-01,39.42,1723,394200
"90",152,1996,"2",165063.64640335,119591.971019773,82471.7552931077,51224.2952638096,24120.3186204389,2240.43642999295,1996-07-01,39.42,24562,394200
"91",152,1997,"1",747797.632332262,559116.393000335,405647.901071854,272388.457736225,148344.47733769,24494.5974089463,1997-01-01,39.42,491086,394200
"92",152,1997,"2",1045.81236465109,502.614467748963,240.192918311129,102.967175917955,30.5528090329181,0.777776102221933,1997-07-01,39.42,0,394200
"93",152,1998,"1",18414.1423646359,13167.6076653605,8876.60676568574,5398.87412499626,2568.65481728873,300.493744247956,1998-01-01,39.42,14670,394200
"94",152,1998,"2",747.331480874939,450.967891342854,239.371573599926,99.6447486075006,23.1997474472668,0.250124798559079,1998-07-01,39.42,0,394200
"95",152,1999,"1",611160.759678346,480456.834363827,367230.187096143,263081.044338235,158240.588994797,35141.1363996738,1999-01-01,39.42,89176,394200
"96",152,1999,"2",40086.0898294462,27105.9325740824,17210.1508657111,9411.03673775307,3459.73333470183,130.365738469915,1999-07-01,39.42,11170,394200
"97",152,2000,"1",172767.248650312,134985.017921159,101159.98458819,69904.1259589499,39399.4066976574,6994.68117340234,2000-01-01,39.42,127698,394200
"98",152,2000,"2",231233.757755362,158204.203677222,103880.878686668,61702.2049918433,27590.7597401422,2238.90886415054,2000-07-01,39.42,263776,394200
"99",152,2001,"1",621124.108404159,439354.985795832,309635.212692475,208809.610803514,120605.093797395,29263.5345590358,2001-01-01,39.42,622349,394200
"100",152,2001,"2",114916.673043871,76517.2677293247,49196.9409150376,28822.9766902532,13013.7101037825,1235.04158616829,2001-07-01,39.42,227759,394200
"101",152,2002,"1",687600.3993835,456605.351758797,295985.326438904,178645.058408324,87778.0695747806,13595.0201439066,2002-01-01,39.42,768586,394200
"102",152,2002,"2",366243.758438696,215938.642470078,123376.593673899,64908.1085004905,26154.6686355558,1831.60296576849,2002-07-01,39.42,653289,394200
"103",152,2003,"1",244146.0153426,172985.205015958,118430.973941381,74327.1035053893,37192.2763406305,5140.36887347167,2003-01-01,39.42,245320,394200
"104",152,2003,"2",415176.282525393,294372.428266773,200182.822702115,123139.497742709,57728.0131212459,5455.2305108517,2003-07-01,39.42,353572,394200
"105",152,2004,"1",475345.213641335,342133.003569499,237021.955646875,150438.661978416,76084.2146774655,10503.160895961,2004-01-01,39.42,304807,394200
"106",152,2004,"2",485662.179917787,356082.275777641,251588.63797157,162697.103051008,82966.1508720243,10560.8630260351,2004-07-01,39.42,224370,394200
"107",152,2005,"1",283743.41524079,202333.398064661,137354.074392234,83589.4461118862,38093.8650536019,3199.18823845918,2005-01-01,39.42,168462,394200
"108",152,2005,"2",427342.727200936,319101.249450229,228110.135192022,147821.894344417,74065.2438552173,8393.60906144526,2005-07-01,39.42,198674,394200
"109",152,2006,"1",110253.960676686,82083.7773400071,59172.6567411727,39183.0010120071,20573.1872507043,2808.61871770714,2006-01-01,39.42,49024,394200
"110",152,2006,"2",244280.46778793,183645.234666676,132738.407254375,87680.4532012736,45645.6211465189,5988.95468724129,2006-07-01,39.42,41671,394200
"111",153,1996,"1",25834.447043913,17120.2745274516,10459.1377768508,5411.81133666816,1884.07981450879,139.680507986862,1996-01-01,51.39,187649,513900
"112",153,1996,"2",93397.5468993681,65393.2544153851,43327.0431179753,25664.6401704245,11847.8087471121,2038.22205358556,1996-07-01,51.39,246730,513900
"113",153,1997,"1",739232.998242389,569730.817165895,427396.287006048,296980.603715704,167745.03195107,31797.7417452242,1997-01-01,51.39,767555,513900
"114",153,1997,"2",1474.24755567,813.172365947683,464.97061313734,259.484758554694,120.646303994376,12.6636431817115,1997-07-01,51.39,0,513900
"115",153,1998,"1",24331.0002118165,18680.334892702,13454.7318660757,8642.86756654223,4260.86368061136,574.384732365712,1998-01-01,51.39,18906,513900
"116",153,1998,"2",799.588543637501,525.246052439284,324.535380943258,178.407132149914,73.4097114011196,5.34769530449194,1998-07-01,51.39,0,513900
"117",153,1999,"1",343179.176378466,256243.51335872,186836.190446421,127307.46424409,71235.0026940995,14038.7082087249,1999-01-01,51.39,597506,513900
"118",153,1999,"2",18149.1669411438,11672.4793685682,7315.48147338364,4182.6800058607,1903.31535577312,244.580086592828,1999-07-01,51.39,88940,513900
"119",153,2000,"1",169089.346198364,139327.34234066,111063.780022723,82755.9424550001,52285.4157585812,14170.3409610515,2000-01-01,51.39,199030,513900
"120",153,2000,"2",301957.409770756,233642.922339658,177367.835834288,127143.314950598,77896.5624418271,19579.7792071198,2000-07-01,51.39,315012,513900
"121",153,2001,"1",987579.967676902,786698.996679325,628464.556649843,485353.923584482,330641.047761445,107475.260364007,2001-01-01,51.39,284808,513900
"122",153,2001,"2",244911.401760989,194957.239713858,151476.023182574,110406.808884405,68238.0350375192,17116.4779334572,2001-07-01,51.39,116259,513900
"123",153,2002,"1",1189931.40596512,928390.757856408,722577.579673361,539859.000071914,352430.343658259,110224.368511953,2002-01-01,51.39,349285,513900
"124",153,2002,"2",765967.395998786,584628.021587209,444781.553707193,324257.28631306,205960.623164533,57362.7378918627,2002-07-01,51.39,299448,513900
"125",153,2003,"1",353285.984438314,272384.769576922,202959.350370902,138668.213334626,75896.2377892736,13305.0322124471,2003-01-01,51.39,225374,513900
"126",153,2003,"2",470001.003348825,359206.117194561,266436.61465402,183357.684830723,104838.91131631,22885.3526366476,2003-07-01,51.39,578716,513900
"127",153,2004,"1",571511.465509618,442615.128093503,333213.479781814,233419.951330014,136709.320406396,34122.0193653277,2004-01-01,51.39,470687,513900
"128",153,2004,"2",427338.410921944,324594.443647692,242835.815816018,171898.675685897,105042.575114192,31278.6304788978,2004-07-01,51.39,603882,513900
"129",153,2005,"1",251576.506670799,184725.834432497,129705.544127498,82574.5494060304,41690.5433080868,6605.57404165257,2005-01-01,51.39,430520,513900
"130",153,2005,"2",309119.449678191,234102.992484644,170982.236998838,114473.656054459,61986.3749425059,11738.8528403033,2005-07-01,51.39,621206,513900
"131",153,2006,"1",87057.6279050651,65825.2487103951,48757.1702321171,33629.949244105,19179.433462946,4279.23613233202,2006-01-01,51.39,140544,513900
"132",153,2006,"2",138643.946141621,99990.1897006265,69422.0741157889,43634.402525105,21303.6186682121,3313.45406017437,2006-07-01,51.39,327188,513900
"133",154,1996,"1",99656.8141684718,79454.8573591976,59981.6711309629,40601.2064445587,20914.5625551128,2320.62172417443,1996-01-01,69.66,70635,696600
"134",154,1996,"2",150877.720940096,118983.523774313,90025.0124557192,61849.3556182664,32986.3812262275,4203.52294748292,1996-07-01,69.66,213466,696600
"135",154,1997,"1",661586.76176437,473280.78111065,323048.86661647,198235.778751235,91565.0145047498,8414.73403294674,1997-01-01,69.66,765144,696600
"136",154,1997,"2",1603.68780821643,776.939611646339,337.790244900724,109.078087376533,16.1527655560185,0.029410198884972,1997-07-01,69.66,1108,696600
"137",154,1998,"1",12829.8455277042,9284.49070177859,6224.95551610846,3621.58448439519,1489.43912659284,91.7054323361607,1998-01-01,69.66,41627,696600
"138",154,1998,"2",259.489456474513,117.763874975531,43.8942350053703,11.0065352683218,1.03607859508457,0.000404009478657301,1998-07-01,69.66,903,696600
"139",154,1999,"1",477532.097883059,369061.536349294,276927.630563287,192953.129334633,109150.448704891,18096.0092760381,1999-01-01,69.66,388709,696600
"140",154,1999,"2",40687.4342838246,28454.402469594,18817.1429382265,10764.6106265829,4208.49649903461,192.434705861794,1999-07-01,69.66,46189,696600
"141",154,2000,"1",173274.832054527,138548.450173976,105555.556922519,72941.9485756082,39563.0601897551,5746.61108353487,2000-01-01,69.66,158928,696600
"142",154,2000,"2",282897.836739158,212250.986628052,152265.394505788,98155.8091514466,47930.8847935852,5132.97471056656,2000-07-01,69.66,322005,696600
"143",154,2001,"1",732315.762340155,523501.329774887,364580.348920091,234505.019650188,120932.077782047,18438.6681660475,2001-01-01,69.66,558734,696600
"144",154,2001,"2",159464.948020004,115289.8674328,79457.0301332361,48802.9628592916,22228.9889513201,2063.3745687749,2001-07-01,69.66,230351,696600
"145",154,2002,"1",818949.334543578,573619.858966684,394436.339174376,253322.471648535,130947.200713804,18966.8224060643,2002-01-01,69.66,912949,696600
"146",154,2002,"2",492661.057176192,347695.657064615,239372.055610331,149319.658498506,70228.7452362843,7214.6760964536,2002-07-01,69.66,750521,696600
"147",154,2003,"1",230601.485032674,157287.566314646,102345.635797955,59497.8142517862,25490.0858834824,1949.74291005073,2003-01-01,69.66,434752,696600
"148",154,2003,"2",459123.297477741,339336.986979191,240463.644678976,153274.682778633,73598.7872121006,7295.27508049898,2003-07-01,69.66,657935,696600
"149",154,2004,"1",475171.904456025,356373.754714015,260317.798348016,175779.716119151,94558.6638728454,13791.5348972987,2004-01-01,69.66,789058,696600
"150",154,2004,"2",556100.984912557,431659.462910474,329396.606521033,235805.441641489,138686.875299304,25839.6873727761,2004-07-01,69.66,573370,696600
"151",154,2005,"1",266107.998032223,190765.441911549,129750.363917176,78000.5989284137,33820.0453588143,2325.07230510043,2005-01-01,69.66,443511,696600
"152",154,2005,"2",403670.760894238,303965.60491071,217767.267122988,139605.719638415,67050.6024687406,6354.54082592094,2005-07-01,69.66,460605,696600
"153",154,2006,"1",109864.115309808,82734.0568688861,60316.447564954,40280.5354025467,21032.4468120146,2667.94966010348,2006-01-01,69.66,116702,696600
"154",154,2006,"2",212093.692253139,160428.087960794,117018.936329856,77796.3625134337,39956.3761485411,4598.59583005768,2006-07-01,69.66,254896,696600
"155",160,1996,"1",110794.352265017,87177.0218703811,65721.4661934377,45023.2728516827,24179.0930809094,3322.23653819058,1996-01-01,10.8,0,108000
"156",160,1996,"2",76411.992029411,57289.0856681143,42345.8191756234,28816.826974435,15438.0373509917,2097.16679614435,1996-07-01,10.8,0,108000
"157",160,1997,"1",543677.710239521,400231.059727088,282893.009201346,179098.40266303,84716.3324369084,7979.67487985715,1997-01-01,10.8,0,108000
"158",160,1997,"2",30686.6471834396,25229.5185942419,20066.8434175704,14900.2607125095,9359.14357265746,2453.28049699527,1997-07-01,10.8,0,108000
"159",160,1998,"1",2505.43887588725,1630.09648995269,983.488953127036,491.051705196482,150.719849283922,2.98645738204265,1998-01-01,10.8,0,108000
"160",160,1998,"2",809.861287248614,642.134544705513,524.369364021124,418.443736543461,293.674493395772,91.9897844246889,1998-07-01,10.8,0,108000
"161",160,1999,"1",321188.584821472,243935.356944291,183514.380623155,128977.781779316,73603.9001831487,12689.5481079444,1999-01-01,10.8,0,108000
"162",160,1999,"2",83250.2491733035,59908.2286771012,40264.8153975214,23476.5168902748,9557.26736167492,511.19852754474,1999-07-01,10.8,0,108000
"163",160,2000,"1",165656.92067627,130176.935829036,98650.5461307011,68391.8829402324,37858.9646800656,6271.4485482482,2000-01-01,10.8,0,108000
"164",160,2000,"2",620201.297822517,466587.610861666,333422.443086101,214341.812184411,106250.975707046,12864.5446938601,2000-07-01,10.8,0,108000
"165",160,2001,"1",1355693.09916682,1078632.84386161,839383.965026522,610550.33644747,367410.34391298,76222.6213435131,2001-01-01,10.8,0,108000
"166",160,2001,"2",242600.280809341,184528.227618662,134997.891904869,89797.4886142382,46753.4040838896,6336.87081830044,2001-07-01,10.8,0,108000
"167",160,2002,"1",1281929.89247638,949848.154142234,693585.192665349,477227.382684887,275223.898385028,59588.9778725257,2002-01-01,10.8,0,108000
"168",160,2002,"2",774170.006144424,561128.82031064,394153.115423561,253476.911062738,129028.802367149,17806.2657858353,2002-07-01,10.8,0,108000
"169",160,2003,"1",359256.91532173,254261.614814131,170525.446003896,101600.895822944,44847.1247652898,3946.4249287795,2003-01-01,10.8,27414,108000
"170",160,2003,"2",515744.338337276,372537.029392569,258826.677323287,162870.324069208,78987.9605681976,9026.54693287478,2003-07-01,10.8,46634,108000
"171",160,2004,"1",991197.899736899,745685.868958788,544073.230901011,368687.826883126,205589.987334562,38464.3681994173,2004-01-01,10.8,92498,108000
"172",160,2004,"2",925238.764274837,699876.930190729,520253.74579259,365283.093842636,216314.415847255,46146.3457360311,2004-07-01,10.8,13028,108000
"173",160,2005,"1",546217.369821976,398347.841364953,272227.834035742,163540.357499875,71554.0896274745,5467.9880086037,2005-01-01,10.8,26766,108000
"174",160,2005,"2",430803.881766676,321856.03466857,228472.132772886,144712.202136637,68944.498007647,7071.15198608013,2005-07-01,10.8,0,108000
"175",160,2006,"1",130566.830813149,95675.0624083291,67296.5309098201,42796.8242516475,21029.6092130799,2677.63059546466,2006-01-01,10.8,0,108000
"176",160,2006,"2",247168.679647387,182795.103128459,129372.691918858,82567.2591775472,40497.0969466691,4820.42296503108,2006-07-01,10.8,0,108000
"177",174,1996,"1",251227.357974653,192834.066279463,142457.003841508,96753.7265081463,53061.6018480878,9056.74970326042,1996-01-01,21.78,122420,217800
"178",174,1996,"2",126914.496337258,90272.4867063592,61963.5659785116,38550.0753658788,18596.1063235362,2261.59584443648,1996-07-01,21.78,88216,217800
"179",174,1997,"1",727943.617423205,548384.934668958,402359.86208344,272371.832508366,149681.901182494,27504.4885803827,1997-01-01,21.78,329398,217800
"180",174,1997,"2",97262.3005555203,80748.2601100156,64946.8936268272,48876.1173503575,31181.9548620911,8592.33032410303,1997-07-01,21.78,14928,217800
"181",174,1998,"1",6861.85128733074,5692.48860711056,4519.00121550464,3285.67792686767,1930.32330163037,353.582523390995,1998-01-01,21.78,1470,217800
"182",174,1998,"2",14874.7850396158,11842.0220423597,8858.36619227829,5894.68598002657,2940.75713931497,292.04721990422,1998-07-01,21.78,0,217800
"183",174,1999,"1",516333.562777732,397943.147445057,297846.835839801,206461.826143237,118229.715527816,25936.351966028,1999-01-01,21.78,341017,217800
"184",174,1999,"2",66307.1287939597,45199.3598304206,28809.5240731479,16086.11420941,6458.80795865518,404.561426178459,1999-07-01,21.78,50742,217800
"185",174,2000,"1",117928.259881977,86234.630825297,61890.1249381188,41045.5318234773,21996.7814328771,3926.57097224579,2000-01-01,21.78,54877,217800
"186",174,2000,"2",175305.26102796,115512.644046334,75794.9091165052,45511.4220390992,21228.0915523422,2820.38834699815,2000-07-01,21.78,80344,217800
"187",174,2001,"1",226038.630253414,136076.394059829,87930.1194311554,55728.735796468,28766.430668675,4786.54743313425,2001-01-01,21.78,68540,217800
"188",174,2001,"2",34416.8350228981,20435.9021556881,13012.8765206973,7833.65889990894,3684.2950373957,507.325875660351,2001-07-01,21.78,6228,217800
"189",174,2002,"1",846879.66640469,616537.686919102,452424.257920378,314718.701042662,182244.538096023,39510.8619162954,2002-01-01,21.78,165809,217800
"190",174,2002,"2",601626.786882622,438633.633876303,314513.821454955,207661.405697472,109055.201679853,16336.7109684844,2002-07-01,21.78,219775,217800
"191",174,2003,"1",481344.310325712,369400.183441196,271656.948159966,181743.248274992,96165.249860628,14273.7572207822,2003-01-01,21.78,149953,217800
"192",174,2003,"2",590786.241352972,448271.868891247,333386.75326718,228934.110017565,126721.45287842,21776.3034387041,2003-07-01,21.78,195147,217800
"193",174,2004,"1",735030.053237536,537888.407202856,394449.837804665,272942.800783053,155477.204760239,29949.5975940902,2004-01-01,21.78,258721,217800
"194",174,2004,"2",686506.864556297,483821.252233014,343755.878332234,232652.302217419,130020.225707359,23753.6690402616,2004-07-01,21.78,220197,217800
"195",174,2005,"1",458140.254775949,345010.164995641,249371.302127711,163638.328845412,84323.3267152504,11724.7845138606,2005-01-01,21.78,244474,217800
"196",174,2005,"2",460261.751612315,359439.350453584,273969.456309584,193003.979052978,110725.39217279,21005.0509800052,2005-07-01,21.78,162484,217800
"197",174,2006,"1",342124.486276224,273423.905775883,210304.949204825,148436.913442402,84472.4851176417,14837.1719113682,2006-01-01,21.78,167311,217800
"198",174,2006,"2",255035.923030791,193667.021028961,143872.578177201,98613.2950899914,54515.5015807121,9537.8281031756,2006-07-01,21.78,91429,217800
"199",175,1996,"1",270054.496590628,215052.159035694,167514.232249161,123507.908381167,78884.7091178733,23529.2190991379,1996-01-01,21.51,107628,215100
"200",175,1996,"2",158421.502624704,122714.284204617,93984.3512998367,68292.004705572,42808.7269358371,12058.159459759,1996-07-01,21.51,56257,215100
"201",175,1997,"1",751109.849081989,585667.062951701,452434.796290239,332236.682814859,211204.963661307,59161.4322678911,1997-01-01,21.51,273437,215100
"202",175,1997,"2",90106.1985242923,73304.3685457019,57737.330248523,42584.7171531008,26886.1142412688,8452.74839418989,1997-07-01,21.51,13648,215100
"203",175,1998,"1",2184.94098445789,1728.7852298604,1324.22141935277,936.405019920283,544.836720292577,107.695961394713,1998-01-01,21.51,9005,215100
"204",175,1998,"2",12604.5373800966,9507.26221822309,6636.10181354466,4006.09873384149,1692.23537202719,96.7059237244049,1998-07-01,21.51,0,215100
"205",175,1999,"1",640193.254212563,520118.071360767,417930.131998356,322265.635653837,221966.090121197,80971.6905181456,1999-01-01,21.51,163482,215100
"206",175,1999,"2",80500.2309780715,59189.7429711228,42067.9365717301,27688.0380350111,14877.1282966771,2584.60805212892,1999-07-01,21.51,22136,215100
"207",175,2000,"1",117101.906464575,88158.2833711691,66703.2039663591,48773.7112111882,32027.813739993,11540.7566818624,2000-01-01,21.51,47920,215100
"208",175,2000,"2",194602.858780891,136512.116946915,97894.5692362721,68057.0949915123,42192.8424080874,13505.4219723858,2000-07-01,21.51,17949,215100
"209",175,2001,"1",249892.287120478,162865.75857419,115391.438752332,82790.9237021904,54443.920187208,21730.4624064304,2001-01-01,21.51,2691,215100
"210",175,2001,"2",33442.9962540975,21105.792692114,14687.6987585456,10115.7754679046,6061.0649098901,1593.9330497969,2001-07-01,21.51,6887,215100
"211",175,2002,"1",819500.657551042,617793.649562935,476382.061896275,355985.150977773,233649.636992522,77606.9437116826,2002-01-01,21.51,296378,215100
"212",175,2002,"2",611938.966793987,464094.012073248,350561.842229538,250165.758509035,152127.317158515,41890.4652382889,2002-07-01,21.51,264475,215100
"213",175,2003,"1",426342.975717874,334005.222201405,254365.159790498,180647.872275064,107690.133793616,26012.5681188806,2003-01-01,21.51,279751,215100
"214",175,2003,"2",523903.478570072,407406.487428714,315632.946463505,231375.009912019,144564.612908975,38352.9121550502,2003-07-01,21.51,355809,215100
"215",175,2004,"1",710363.299002235,540568.163328269,419058.906875886,314531.30994825,207985.974668284,72406.7042420796,2004-01-01,21.51,390192,215100
"216",175,2004,"2",651272.250380174,472143.616312744,351903.82117291,257042.322216647,166326.449265322,55444.0001711182,2004-07-01,21.51,317285,215100
"217",175,2005,"1",468451.149786048,369400.97184993,284897.272139194,206165.49269366,126270.568923614,31298.0560319023,2005-01-01,21.51,269682,215100
"218",175,2005,"2",409935.491591278,324253.148944068,253674.298389134,187422.423519656,118730.747044387,33419.9800184426,2005-07-01,21.51,242999,215100
"219",175,2006,"1",329614.292869128,271997.038355108,219026.571141825,166123.034138518,108806.094196216,34559.189210129,2006-01-01,21.51,231163,215100
"220",175,2006,"2",243280.212495982,189683.328045425,146854.241543097,107819.816824257,68457.5481297448,21034.4893984968,2006-07-01,21.51,125758,215100
"221",177,1996,"1",172625.107051464,116933.816081449,74638.3415181014,42009.7068749369,17226.331332537,1282.69259254234,1996-01-01,7.65,37887,76500
"222",177,1996,"2",92392.6893296767,59801.3998217371,36794.5001242205,19877.5306961117,7633.06734036867,453.755627734791,1996-07-01,7.65,12742,76500
"223",177,1997,"1",417621.27476348,267293.437798446,162951.667238466,87219.7504816464,33117.2853340479,1889.47333808301,1997-01-01,7.65,45580,76500
"224",177,1997,"2",61478.1355058679,43670.0960262639,29280.5632351019,17620.3113880648,8279.12372842921,1207.97855143332,1997-07-01,7.65,547,76500
"225",177,1998,"1",2551.19125568556,1515.58241627308,795.381921715165,328.813289266873,76.729493666166,0.949453926780416,1998-01-01,7.65,0,76500
"226",177,1998,"2",7068.25920445968,4398.53019638932,2402.50047094643,1028.59608377043,241.81160974442,1.9744816066497,1998-07-01,7.65,0,76500
"227",177,1999,"1",390114.791053078,263987.648862827,169208.818892089,96317.5761452851,40699.0531243521,3543.86771875215,1999-01-01,7.65,37604,76500
"228",177,1999,"2",30649.0878803409,17374.627736227,9071.59263867557,3970.13578858988,1095.75862143579,21.8871772370059,1999-07-01,7.65,7837,76500
"229",177,2000,"1",75868.3389813316,48152.5434513123,29454.8691143256,16066.7589610836,6408.05607420697,468.012851648757,2000-01-01,7.65,0,76500
"230",177,2000,"2",90933.7132900944,49233.1091465903,26269.1788496358,12559.9331098958,4356.0619623443,267.919208860456,2000-07-01,7.65,1605,76500
"231",177,2001,"1",141746.276116148,73598.1981231192,39867.8545708798,20459.4494561221,8103.58514021438,816.695209403778,2001-01-01,7.65,0,76500
"232",177,2001,"2",21160.5325855169,11969.1191924201,7379.24188923277,4316.9415185876,1931.46064882925,171.100049756639,2001-07-01,7.65,830,76500
"233",177,2002,"1",728589.878705946,527726.282565879,383030.357733197,261198.04404388,145744.410307637,26140.2348479111,2002-01-01,7.65,79838,76500
"234",177,2002,"2",427788.645013698,286600.35446119,185571.231107304,107396.996141646,45951.6502932112,3739.1998698536,2002-07-01,7.65,67306,76500
"235",177,2003,"1",304239.138225825,206420.266291473,131384.025786882,73004.2964256435,28812.0553500833,1751.9653478028,2003-01-01,7.65,33002,76500
"236",177,2003,"2",395339.234648922,266462.282598257,171641.517922411,97402.2874547573,39627.1447904925,2630.19500944931,2003-07-01,7.65,26730,76500
"237",177,2004,"1",623278.0037385,436182.9989329,299874.503131511,188753.598885663,91978.1091211746,11091.1359918376,2004-01-01,7.65,24810,76500
"238",177,2004,"2",530061.619705012,346384.346707095,224312.64565342,134086.091556005,61603.3894683713,6411.63469067755,2004-07-01,7.65,11660,76500
"239",177,2005,"1",285857.166305693,186130.687851272,113130.316619267,59224.6230132853,21302.0153730362,996.536090964572,2005-01-01,7.65,5824,76500
"240",177,2005,"2",288605.132549712,193679.319299407,123666.951457698,69443.6217733256,28062.7185811101,1917.08158479566,2005-07-01,7.65,0,76500
"241",177,2006,"1",266947.5621398,189292.604440875,126000.080674858,73728.5982782902,31476.674964274,2549.95288644694,2006-01-01,7.65,0,76500
"242",177,2006,"2",184248.844105798,126920.536309466,83988.5756300715,49747.9983508258,22041.5405742478,2029.46919490926,2006-07-01,7.65,11920,76500
"243",190,1996,"1",111502.484784239,67325.6827139583,39062.9129619943,20067.7147582343,7316.02152965232,363.720276808305,1996-01-01,50.49,190188,504900
"244",190,1996,"2",130410.545185466,80707.1043592116,46658.5559214892,23255.3525617091,7973.42890986247,318.05713607428,1996-07-01,50.49,71437,504900
"245",190,1997,"1",762254.974866488,502842.72852596,309377.18511137,161853.572873266,56444.9464172814,2269.3983119003,1997-01-01,50.49,390059,504900
"246",190,1997,"2",35621.1251108373,23133.2879881795,15280.0633646784,9579.35187854195,4819.69149148708,671.553233252665,1997-07-01,50.49,22328,504900
"247",190,1998,"1",56304.5712745696,31245.1003326802,14762.7973740585,5153.35759843431,853.955947678698,2.17987291927904,1998-01-01,50.49,23638,504900
"248",190,1998,"2",1917.67154044464,801.097194289476,282.996928904429,73.4158380597288,8.65274839066917,0.00960756500079224,1998-07-01,50.49,0,504900
"249",190,1999,"1",368739.595314309,254915.844988799,166110.677432568,94032.550526297,37483.3556139975,2302.08171953067,1999-01-01,50.49,267001,504900
"250",190,1999,"2",30757.7959546782,16000.6666680346,7426.18667428284,2740.87510465752,557.521215440668,3.45342437084366,1999-07-01,50.49,150724,504900
"251",190,2000,"1",28217.7239949729,15542.2717111274,8423.6552501978,3957.98787207764,1249.34993349731,53.8793123889928,2000-01-01,50.49,27160,504900
"252",190,2000,"2",16695.1021703415,8155.26730994582,4134.6179845895,1870.93559625128,591.435825473425,22.1927563980558,2000-07-01,50.49,24926,504900
"253",190,2001,"1",32288.0857764139,13884.3906176325,7002.63654073099,3366.2385579054,1131.32475582364,62.9931415345431,2001-01-01,50.49,14753,504900
"254",190,2001,"2",22767.5416009411,14489.3365906595,8916.91185073467,4742.09807793413,1712.91231884427,69.1601483587626,2001-07-01,50.49,0,504900
"255",190,2002,"1",675649.648439879,483029.235170871,331423.142680923,204530.552317856,95644.8517195277,9924.24447377565,2002-01-01,50.49,75036,504900
"256",190,2002,"2",568484.922553486,384382.612812055,242449.966732474,131419.90091509,48836.5893163044,2214.5366633993,2002-07-01,50.49,106028,504900
"257",190,2003,"1",283099.161424362,191961.942131963,120772.196698376,65121.4749053725,24036.1682949157,1084.43125373889,2003-01-01,50.49,260504,504900
"258",190,2003,"2",627999.864445111,415732.472725228,255989.945644915,135079.98897399,48592.4791096032,2050.06038634928,2003-07-01,50.49,509428,504900
"259",190,2004,"1",567114.416563812,342694.144867266,207472.433659181,114690.675467651,47517.13783284,3910.88682502005,2004-01-01,50.49,221438,504900
"260",190,2004,"2",396595.545734394,234261.520456474,141735.697924499,80525.7372310798,35707.3730296628,3688.12747681493,2004-07-01,50.49,54145,504900
"261",190,2005,"1",273935.476471733,169235.750260672,95892.7877698876,45260.0076238678,13760.5311536333,387.992913564623,2005-01-01,50.49,203159,504900
"262",190,2005,"2",500404.424241665,328407.638910464,202500.97497247,107750.19627429,39879.1309293957,2071.60640059587,2005-07-01,50.49,299849,504900
"263",190,2006,"1",398075.541801831,259597.164013549,164731.872257596,93425.5816601371,38808.6760505462,2909.78787928594,2006-01-01,50.49,155774,504900
"264",190,2006,"2",226010.932497595,145142.306777097,90079.959539206,49952.3872206007,20533.1546022264,1549.6826965408,2006-07-01,50.49,123404,504900
"265",221,1996,"1",68069.5372271114,20123.2885664348,4604.78003331649,651.312590593001,27.5393111746841,0.00121332834095133,1996-01-01,9.54,0,95400
"266",221,1996,"2",21518.2069331542,5568.02992325592,1111.91045678838,145.064855207796,8.59650998482755,0.0146523726213945,1996-07-01,9.54,0,95400
"267",221,1997,"1",274153.266725573,108754.937897404,36958.0543713219,9446.65737407117,1286.33713205136,10.6203279865591,1997-01-01,9.54,0,95400
"268",221,1997,"2",105875.63968781,37577.8258015576,10569.9998440399,1948.71400783612,130.766765980567,0.0385248216747577,1997-07-01,9.54,0,95400
"269",221,1998,"1",25944.6518911618,8114.45915608192,1938.26891370621,289.606275071742,15.8242442824648,0.00931076405553092,1998-01-01,9.54,0,95400
"270",221,1998,"2",76677.6581874216,19160.3142707133,3680.59637053986,462.898155654906,23.1639678078314,0.00537702291950781,1998-07-01,9.54,0,95400
"271",221,1999,"1",465631.07076821,170108.636822133,49492.5530881503,9586.65541112071,716.147666146916,0.410011978645462,1999-01-01,9.54,0,95400
"272",221,1999,"2",31255.6390005287,8203.2338865677,1752.99915765304,262.917462177171,20.6247068333552,0.0686433713881045,1999-07-01,9.54,0,95400
"273",221,2000,"1",5039.19088085633,1400.14299136289,339.014699157224,60.4798958040485,4.30435323585217,0.00104787256253207,2000-01-01,9.54,0,95400
"274",221,2000,"2",15114.4173120205,3094.5355009701,493.91706643457,53.5107350152262,1.97348195749655,6.47034717170977e-05,2000-07-01,9.54,0,95400
"275",221,2001,"1",19175.9775222167,4560.69233505473,845.792944613529,108.212299507742,5.55260797196405,0.000756887535842761,2001-01-01,9.54,0,95400
"276",221,2001,"2",38120.3598209189,9167.82474942201,1717.02256962176,215.157987190616,11.7924947964958,0.0290910988636181,2001-07-01,9.54,0,95400
"277",221,2002,"1",81906.5671350338,25022.0305941388,6067.16373866897,1034.27781580165,101.587994782454,0.896043607731576,2002-01-01,9.54,0,95400
"278",221,2002,"2",35025.366592311,9032.44837035072,2006.74864727627,436.958651804369,94.255056960786,2.76278154002697,2002-07-01,9.54,0,95400
"279",221,2003,"1",105083.058955783,39840.1633091193,13098.1494648023,3679.34967838371,909.728964199249,61.1004495893825,2003-01-01,9.54,5686,95400
"280",221,2003,"2",515437.426629128,169699.352850023,49616.4262045175,14431.612464404,4473.43080094126,292.165302795837,2003-07-01,9.54,58232,95400
"281",221,2004,"1",802638.112044848,364665.811594595,150092.114908238,53713.6143172458,15151.5640893168,1002.72508931809,2004-01-01,9.54,147102,95400
"282",221,2004,"2",790609.184585915,270501.570164181,75552.8720913265,15998.8788747853,2610.3821488642,110.562310289327,2004-07-01,9.54,98672,95400
"283",221,2005,"1",465518.452787197,192605.767890254,74095.8142426252,27572.0710720878,9608.86773775457,791.990075608685,2005-01-01,9.54,179841,95400
"284",221,2005,"2",772386.765960676,288078.167244142,96650.1246750999,30008.144874824,8710.39699514534,572.620543708849,2005-07-01,9.54,178263,95400
"285",221,2006,"1",55596.5520832965,27294.7103806786,14275.4111607934,7729.83764530814,3703.35134374801,485.162757343342,2006-01-01,9.54,53910,95400
"286",221,2006,"2",260182.523157331,88172.1593453947,25053.7285434687,5819.51465398758,1257.71379398994,97.939486383525,2006-07-01,9.54,30444,95400
"287",233,1996,"1",427996.068241636,227921.248081888,105819.964322934,37549.754556326,6784.36149725656,30.4807538193814,1996-01-01,101.25,413317,1012500
"288",233,1996,"2",243838.124755847,135154.334941119,67978.7432972503,27899.4854051449,6876.87344608781,108.837370594099,1996-07-01,101.25,111685,1012500
"289",233,1997,"1",1233146.62058024,750528.813084878,415275.680336676,189781.073341579,54116.4939756098,1217.77807237141,1997-01-01,101.25,399176,1012500
"290",233,1997,"2",230463.709944509,110676.64381006,47321.4939252203,16011.3200830438,2997.37314289068,25.8297126853468,1997-07-01,101.25,405353,1012500
"291",233,1998,"1",101827.163408542,50698.3372762068,21327.7602640048,6630.55586050917,1005.97613743991,3.46576152129124,1998-01-01,101.25,222436,1012500
"292",233,1998,"2",646325.618596241,332215.706087689,149861.619998279,52499.572102241,9852.16300521836,63.2688127202176,1998-07-01,101.25,1420484,1012500
"293",233,1999,"1",1675465.42421961,1000462.64492515,540270.662709313,240353.771902776,66070.8471191317,1295.24589391912,1999-01-01,101.25,1658231,1012500
"294",233,1999,"2",250923.573869063,121955.095666106,50847.4744511542,15803.8855928395,2391.53521417991,7.02190874070011,1999-07-01,101.25,398148,1012500
"295",233,2000,"1",112529.676784337,65536.3916350727,33088.0828832959,12822.25407268,2593.37506184976,13.8082819982857,2000-01-01,101.25,18088,1012500
"296",233,2000,"2",236644.926075459,114861.155870407,47313.897654685,14217.1517090715,1951.63726944032,4.00904004717022,2000-07-01,101.25,254888,1012500
"297",233,2001,"1",125919.008447868,57350.870376149,22128.1998658488,6175.13342205176,776.689483961797,1.66955783268707,2001-01-01,101.25,122862,1012500
"298",233,2001,"2",244538.447904732,111372.736854939,44363.1452964007,13542.9914224593,2119.81717839272,8.35073526202737,2001-07-01,101.25,412613,1012500
"299",233,2002,"1",222726.840016056,101419.245000684,40038.7390480347,12031.7241814956,1868.84385429041,7.94063108346413,2002-01-01,101.25,307975,1012500
"300",233,2002,"2",155172.135529827,69973.0432014025,28734.3141442131,9371.06600239062,1629.74251970283,7.9131595908638,2002-07-01,101.25,255452,1012500
"301",233,2003,"1",140238.750286492,62643.7617772975,24256.9993440038,7134.63907298083,1066.28232359212,3.93569083287617,2003-01-01,101.25,212364,1012500
"302",233,2003,"2",1884656.40161739,962776.727846775,442294.91504929,164966.108023511,35858.9817590093,382.679835919432,2003-07-01,101.25,1932605,1012500
"303",233,2004,"1",1527360.42987347,814320.54508997,390235.459955539,152576.601287978,35512.6354578548,473.942204636358,2004-01-01,101.25,1690466,1012500
"304",233,2004,"2",2933496.85483523,1503511.15512502,707676.548421792,284097.608021467,75277.3672401508,1713.13400233658,2004-07-01,101.25,1662537,1012500
"305",233,2005,"1",1264552.65680358,666402.122435833,318908.134918078,124865.888158259,28889.2970302288,346.3852925482,2005-01-01,101.25,772072,1012500
"306",233,2005,"2",1794691.47824892,827594.769859623,347837.071727604,120272.676829219,24171.8965701621,201.618780094615,2005-07-01,101.25,2620334,1012500
"307",233,2006,"1",304890.276632557,172581.018774117,86450.5278963722,34208.6340638153,7592.95767742712,81.3789526994823,2006-01-01,101.25,103876,1012500
"308",233,2006,"2",879629.243361859,436349.417833976,194320.011272542,70907.9318326685,15795.3844233549,216.107795430689,2006-07-01,101.25,465223,1012500
"309",234,1996,"1",230473.242614671,115065.277110354,50801.7443958305,17423.9571147487,3079.67689543908,12.5867303730054,1996-01-01,114.12,1540971,1141200
"310",234,1996,"2",114922.970778192,51342.9807032626,20838.3762879983,6875.73899922764,1306.04868698815,9.26381477287175,1996-07-01,114.12,292908,1141200
"311",234,1997,"1",627634.2894666,339858.563257856,167645.31375593,68680.313947364,17853.4267628631,359.370771729706,1997-01-01,114.12,1645490,1141200
"312",234,1997,"2",439706.706560743,255957.215213911,135175.067892678,58092.756323483,14673.207674222,193.280319559835,1997-07-01,114.12,563901,1141200
"313",234,1998,"1",50116.012056685,24131.5261734918,10210.7176771089,3280.37833056516,505.052283246406,1.10397537848418,1998-01-01,114.12,361726,1141200
"314",234,1998,"2",481780.343451305,229750.249130333,93166.2963971383,27558.7272000595,3695.54156233657,6.0776672234955,1998-07-01,114.12,1662480,1141200
"315",234,1999,"1",1472316.03394481,861229.102088449,455393.309451054,197632.226856085,52057.9823983684,827.887166955961,1999-01-01,114.12,2056713,1141200
"316",234,1999,"2",63927.5422953325,23109.6406211545,6884.29857553946,1374.889503978,97.693391838131,0.0196974642018199,1999-07-01,114.12,1004202,1141200
"317",234,2000,"1",17306.4893712094,8502.74504008889,3699.46863731256,1260.00677906565,225.930224190565,1.06398462974803,2000-01-01,114.12,456824,1141200
"318",234,2000,"2",142156.605066166,62535.6507767933,22535.7382699673,5601.7598415668,564.710366996293,0.460041316230422,2000-07-01,114.12,1173063,1141200
"319",234,2001,"1",205722.482072825,105568.603899166,45903.2568086414,14608.429014799,2151.57310026118,4.81575650221055,2001-01-01,114.12,596476,1141200
"320",234,2001,"2",332172.436934206,155921.104050439,61555.0790649962,17460.5858452354,2188.98880556654,3.35475801937574,2001-07-01,114.12,533316,1141200
"321",234,2002,"1",163223.771464621,71432.1550020067,27699.2871602443,8286.11013772538,1234.66041280403,3.35536525528127,2002-01-01,114.12,466183,1141200
"322",234,2002,"2",199534.284657561,91676.0654362363,36701.0619073202,10944.4657638674,1532.5333235795,3.35568629117951,2002-07-01,114.12,259425,1141200
"323",234,2003,"1",101923.79957881,43564.8972695983,16883.8422956426,5264.9522383401,865.957014394496,2.91768392975379,2003-01-01,114.12,361326,1141200
"324",234,2003,"2",1491965.28053715,711047.59607621,301016.31805605,101679.581729062,19099.3950407479,118.496819700881,2003-07-01,114.12,2879150,1141200
"325",234,2004,"1",1053183.55775541,507718.994849936,215232.045136372,71656.994481993,12776.3262968923,61.2650540858519,2004-01-01,114.12,2495140,1141200
"326",234,2004,"2",3122713.45250052,1602235.59442438,745224.817229729,284635.087200988,65398.4988546771,850.373482970619,2004-07-01,114.12,1588719,1141200
"327",234,2005,"1",697606.863765772,308356.637207339,119528.488805655,36309.2648564011,6011.41241270711,28.7508261045239,2005-01-01,114.12,2163124,1141200
"328",234,2005,"2",2011242.55531006,920574.860867644,367260.909995948,112241.818452921,17462.6703481381,60.3160040817019,2005-07-01,114.12,2328788,1141200
"329",234,2006,"1",138592.026340918,69952.5263392414,31532.5031863202,11468.9184723409,2463.24347479878,27.7659318391188,2006-01-01,114.12,754845,1141200
"330",234,2006,"2",813294.940401052,384521.10003132,157577.240478663,49431.4739876365,8176.51983081344,42.8036586860888,2006-07-01,114.12,741444,1141200
"331",249,1996,"1",832.764739877318,83.4359266724131,6.15345168128743,0.214992864601196,0.000884859833917615,1.94678054369095e-11,1996-01-01,43.29,0,432900
"332",249,1996,"2",3915.30354434825,1184.17283063479,400.996907680271,119.787487912237,17.8081806139928,0.0338969687813164,1996-07-01,43.29,9877,432900
"333",249,1997,"1",57421.5702606967,27351.3235026235,14516.8704057765,8230.67658325011,4112.58484550709,608.786551402377,1997-01-01,43.29,7337,432900
"334",249,1997,"2",3361.63994593495,1439.6100610252,899.858025187409,571.231613225832,277.21080563712,25.5892515841456,1997-07-01,43.29,0,432900
"335",249,1998,"1",110.458484614672,9.8932527795404,0.637731141737679,0.0197242245855244,7.86724602522168e-05,1.67063948915018e-12,1998-01-01,43.29,1969,432900
"336",249,1998,"2",1424.80457246075,215.348626209176,28.2097013096111,1.88922737826909,0.019378616422888,4.83371752783157e-09,1998-07-01,43.29,0,432900
"337",249,1999,"1",19293.8519895741,6671.61613915388,1814.7728585912,306.422422944405,19.2129468553253,0.0488857954740308,1999-01-01,43.29,4445,432900
"338",249,1999,"2",5710.8042026235,1613.95352404034,440.92137214637,97.222241552055,9.80903365515131,0.00623912590578394,1999-07-01,43.29,17463,432900
"339",249,2000,"1",189.070028840201,31.631967045118,4.2873845024513,0.320331941692071,0.00442486385658942,3.30320308453717e-09,2000-01-01,43.29,0,432900
"340",249,2000,"2",1445.56248972824,436.105811541034,136.89820512847,37.5499933452777,5.54543695258463,0.0184961803816265,2000-07-01,43.29,0,432900
"341",249,2001,"1",497.3172831303,127.683236775731,29.4918200899523,5.26239637754253,0.465042310954725,0.000292573229758571,2001-01-01,43.29,0,432900
"342",249,2001,"2",9410.42281682778,6691.02733320361,4707.81732232035,2949.62492446075,1347.18568524783,102.71647301525,2001-07-01,43.29,0,432900
"343",249,2002,"1",14185.6133256844,10541.275092543,7634.02889842081,4914.61849344819,2326.51989907294,196.34025608556,2002-01-01,43.29,0,432900
"344",249,2002,"2",282062.361812563,208844.730976939,147839.180622051,92194.4840873292,41353.9866500966,2914.15646313934,2002-07-01,43.29,121524,432900
"345",249,2003,"1",123611.409525846,91157.825046102,66937.8026447517,45030.4964329672,23310.423494865,2663.90289422741,2003-01-01,43.29,44935,432900
"346",249,2003,"2",668626.539491989,479542.296876876,334088.033652023,207549.015456411,94188.4969274772,7125.18600222302,2003-07-01,43.29,308829,432900
"347",249,2004,"1",266107.061962534,160866.089497395,99330.9900860034,56248.0921898667,23379.467936747,1592.0922348882,2004-01-01,43.29,298983,432900
"348",249,2004,"2",268201.898637913,165758.594689716,105255.10837019,60340.8092762559,24961.1371157681,1547.98477400441,2004-07-01,43.29,389968,432900
"349",249,2005,"1",193303.66064627,103152.884414455,56526.7561211186,28469.3267240855,10437.1948085908,574.526710035436,2005-01-01,43.29,787525,432900
"350",249,2005,"2",247041.700247028,149144.208724029,92087.8313571692,51537.6863381589,20818.9093022371,1236.1772992579,2005-07-01,43.29,707551,432900
"351",249,2006,"1",17011.0475293365,7904.34981567818,4238.04411944779,2377.54498727693,1056.50345358221,82.5249852492884,2006-01-01,43.29,933,432900
"352",249,2006,"2",44319.7278190363,14663.0601936273,6298.33782499266,3230.83384735536,1415.33836411087,121.100778900031,2006-07-01,43.29,0,432900
"353",273,1996,"1",41220.1138470633,13901.2865027975,3652.40545978827,579.589206703181,25.9710223749112,0.00101425445075999,1996-01-01,179.55,586040,1795500
"354",273,1996,"2",141264.545490177,55036.6817257788,17271.0358587281,3555.38821992578,252.582982789402,0.0430696937556605,1996-07-01,179.55,710384,1795500
"355",273,1997,"1",468411.12042078,200926.744496357,72040.8143306043,18049.8307592417,1820.43555087863,1.07192614131425,1997-01-01,179.55,1515706,1795500
"356",273,1997,"2",17239.6597872255,5436.90029505336,1441.27876139325,253.642495524918,14.7464394652562,0.00169750667781217,1997-07-01,179.55,21513,1795500
"357",273,1998,"1",3856.77429784299,810.736318022606,125.658588839225,10.5040864243803,0.173831518779159,2.62013106128399e-07,1998-01-01,179.55,141416,1795500
"358",273,1998,"2",51345.5819187871,18120.8403022238,5142.11371366007,934.681939562702,54.1102493070456,0.0046301233588279,1998-07-01,179.55,578184,1795500
"359",273,1999,"1",353142.142960042,148163.305423205,51442.7883289101,12134.1372895306,1070.62249963107,0.360236237449525,1999-01-01,179.55,2198120,1795500
"360",273,1999,"2",99588.982981554,29042.4711257441,6187.3147999863,723.921815372633,19.1551493101031,0.000121218615822576,1999-07-01,179.55,1287282,1795500
"361",273,2000,"1",4345.76485816963,1313.47576307436,370.889964478977,75.6549022319889,5.54593418890657,0.0010036889388392,2000-01-01,179.55,39314,1795500
"362",273,2000,"2",54267.7456661696,20226.2059309719,5968.52383691789,1100.3733856474,62.1323044996644,0.00450329465829602,2000-07-01,179.55,224067,1795500
"363",273,2001,"1",12674.3290897197,4166.96789856413,1025.39878136194,145.380558188084,5.28734617382084,9.86841472904705e-05,2001-01-01,179.55,402291,1795500
"364",273,2001,"2",18086.1916866599,4761.76689554678,890.958261715668,86.219276991752,1.64166327287755,3.86315920161611e-06,2001-07-01,179.55,875028,1795500
"365",273,2002,"1",80445.6784561622,25517.1037252564,6155.13143816589,861.253056269781,30.7350274362058,0.000510107359211704,2002-01-01,179.55,1876996,1795500
"366",273,2002,"2",108051.161688086,35956.2114380971,9332.31284027258,1458.25729434777,63.1024817661108,0.00199178451983256,2002-07-01,179.55,675831,1795500
"367",273,2003,"1",150506.417128191,60486.4002895462,19512.1033226209,4072.78388698665,286.449031168721,0.0452858056383039,2003-01-01,179.55,854032,1795500
"368",273,2003,"2",159043.558759314,45098.6534764696,9970.39732935052,1307.39705069504,44.548857205617,0.000712867366917624,2003-07-01,179.55,444359,1795500
"369",273,2004,"1",354800.599228027,146707.200790695,49956.857194381,11427.3389510665,960.358749957618,0.294396063118811,2004-01-01,179.55,982118,1795500
"370",273,2004,"2",478939.392029315,173443.33124947,53737.0272404848,11577.8702055682,935.363665877826,0.26208410014211,2004-07-01,179.55,961627,1795500
"371",273,2005,"1",280824.343905199,104545.333941608,32385.6842485683,6648.50566023406,473.206263874286,0.0865928186539619,2005-01-01,179.55,1453088,1795500
"372",273,2005,"2",184612.178229713,50993.9307587437,10751.6761186949,1289.1690867433,36.6042138392829,0.000302050179799864,2005-07-01,179.55,2249102,1795500
"373",273,2006,"1",203229.449720638,83888.8660848408,28002.3215875852,6228.50080903227,503.750212274695,0.134587804566714,2006-01-01,179.55,1370352,1795500
"374",273,2006,"2",78903.3585560789,19526.1062922077,3819.07414262274,447.149857064252,13.4181734576972,0.000176722258861463,2006-07-01,179.55,363880,1795500
"375",274,1996,"1",57489.4870318138,20432.0906171646,6001.92111512426,1163.96449861089,75.8781877368891,0.0110554516762392,1996-01-01,188.01,512866,1880100
"376",274,1996,"2",285113.039341449,136818.036632576,56005.1058859622,16887.1772604335,2393.72131621494,5.43528190349075,1996-07-01,188.01,1063138,1880100
"377",274,1997,"1",618375.574444952,294658.566827435,122374.346006202,38436.7856945008,5901.75299792549,16.5222218350706,1997-01-01,188.01,1963405,1880100
"378",274,1997,"2",91564.9668947784,41607.8801895564,16644.5241915202,5102.26631269737,777.533099516055,2.37799707153426,1997-07-01,188.01,164041,1880100
"379",274,1998,"1",23191.6843323817,7754.23745598262,2013.1998289497,325.582268209719,16.0192760346103,0.000869646906767225,1998-01-01,188.01,115642,1880100
"380",274,1998,"2",107594.238176418,43041.4892699308,14229.016696371,3214.57605224268,276.905926363261,0.109291062803015,1998-07-01,188.01,530742,1880100
"381",274,1999,"1",457122.460037965,204384.634261835,78515.7526435986,22013.5230920188,2724.49371164682,3.37861497868149,1999-01-01,188.01,1635605,1880100
"382",274,1999,"2",103807.11834903,34950.8292150298,9549.29297303223,1715.52824222811,105.35879375939,0.0135526066334614,1999-07-01,188.01,1872575,1880100
"383",274,2000,"1",5772.60055907899,2039.67162606925,647.351063831598,146.707397450965,12.7149274773872,0.00407897369591739,2000-01-01,188.01,0,1880100
"384",274,2000,"2",23353.4248776139,8039.77134762626,2330.52751512663,464.805135634731,35.5433399595506,0.0163738659559982,2000-07-01,188.01,783760,1880100
"385",274,2001,"1",31531.7917190703,12974.4097691534,4267.34183904615,908.906253162181,65.4859214063331,0.0106308213120823,2001-01-01,188.01,203988,1880100
"386",274,2001,"2",68647.6266589652,25478.0866680823,7570.31764788254,1433.25960710925,86.5662742218152,0.00837257633339975,2001-07-01,188.01,718211,1880100
"387",274,2002,"1",161219.313211962,56720.7632564744,15964.5476717054,2866.86751616596,163.864673641706,0.0169822044465441,2002-01-01,188.01,807613,1880100
"388",274,2002,"2",140731.892019873,45730.6595025785,12320.4655396877,2253.36043789962,148.265961868202,0.0274970783493006,2002-07-01,188.01,1094823,1880100
"389",274,2003,"1",94058.8833939244,34492.7068598649,10427.4235923711,2107.44082831418,151.929873291657,0.0403884767373419,2003-01-01,188.01,785365,1880100
"390",274,2003,"2",356835.956952466,129738.501615813,39854.6296790251,8589.77607489112,726.560395350108,0.277548136156697,2003-07-01,188.01,2315537,1880100
"391",274,2004,"1",288771.245056664,125805.332593176,46995.9138393525,12571.0629330023,1401.20030349547,1.04974124571648,2004-01-01,188.01,2018669,1880100
"392",274,2004,"2",1319746.97146774,649727.377536955,287147.466094163,99844.2678648189,18266.3748887981,80.6391143878726,2004-07-01,188.01,2740988,1880100
"393",274,2005,"1",455653.598037864,184374.496674787,64531.1375986803,16500.5700441525,1812.45259701756,1.43190860459773,2005-01-01,188.01,1117800,1880100
"394",274,2005,"2",591840.415291166,236962.881510009,82339.5739033534,20578.3475293231,2102.24645211631,1.20564807697741,2005-07-01,188.01,2212645,1880100
"395",274,2006,"1",253319.279782452,113665.179178088,43613.7982341611,12212.4074777236,1506.93897742385,1.74588850539578,2006-01-01,188.01,422550,1880100
"396",274,2006,"2",296108.578052499,108776.978417861,34650.3406600064,8016.62659836083,760.101213461218,0.37521669628693,2006-07-01,188.01,943522,1880100
"397",275,1996,"1",207205.517552434,101210.433533797,44476.9728655915,16206.770979617,3883.07117135178,85.6113945862936,1996-01-01,128.88,61220,1288800
"398",275,1996,"2",974424.327347202,661388.432889734,420466.459840047,234796.284967965,94831.430940188,6268.85783251487,1996-07-01,128.88,427927,1288800
"399",275,1997,"1",1662802.4256098,1063361.43589553,635435.832640323,332592.963805696,126582.104167055,8611.68863235764,1997-01-01,128.88,933065,1288800
"400",275,1997,"2",445315.154322648,312923.491269297,207778.6709702,123035.724475441,55079.2693801448,5591.52221356588,1997-07-01,128.88,280775,1288800
"401",275,1998,"1",218966.043116434,145877.282063901,88028.1583757076,43958.0608045474,13663.3589658876,290.315602414062,1998-01-01,128.88,146834,1288800
"402",275,1998,"2",451455.25111754,273524.877736814,153386.557094322,73982.8527874104,24277.0072904377,827.755196027228,1998-07-01,128.88,262377,1288800
"403",275,1999,"1",1128264.69635985,658323.886616072,357809.952752029,169033.966674318,56994.357229739,3056.3626378029,1999-01-01,128.88,200094,1288800
"404",275,1999,"2",376244.697623597,190182.41841523,88630.2297931201,34671.9610410966,8252.62352394355,90.5585578149848,1999-07-01,128.88,740540,1288800
"405",275,2000,"1",5116.68081715184,1711.35018766283,485.07184224283,92.7170238638075,6.21477106752486,0.00094754777760391,2000-01-01,128.88,0,1288800
"406",275,2000,"2",131217.11486102,63779.6259935783,26115.5398259282,7759.66062837669,1099.82717985144,8.56988391013889,2000-07-01,128.88,25773,1288800
"407",275,2001,"1",57036.2673481654,25954.6992082575,10007.4384857511,2890.8612250858,456.264946930608,6.15976484565584,2001-01-01,128.88,0,1288800
"408",275,2001,"2",350484.745925584,188214.958252064,91317.9384012712,37195.7020142217,10139.9732202738,281.290883964281,2001-07-01,128.88,43303,1288800
"409",275,2002,"1",601258.580921795,326580.339770849,165454.29488005,72491.2263218428,21402.5600748967,561.6615252232,2002-01-01,128.88,36357,1288800
"410",275,2002,"2",1166156.56934931,710055.106729164,401661.294111816,195777.908467331,65037.0798701862,2274.54547366306,2002-07-01,128.88,93141,1288800
"411",275,2003,"1",239201.181925613,120362.629205925,56054.4381847755,22170.2290427382,5642.40186095178,96.0363668142414,2003-01-01,128.88,130105,1288800
"412",275,2003,"2",2314509.04817477,1450776.60465425,847829.492687862,426440.817423149,145100.541262366,5084.5359792862,2003-07-01,128.88,1454450,1288800
"413",275,2004,"1",636992.480522758,340700.327374992,165096.614478148,66193.3214236114,17035.2243847011,410.468203792077,2004-01-01,128.88,910789,1288800
"414",275,2004,"2",3741249.91370008,2554541.08659332,1654298.63717295,952069.232320766,408632.845845991,37187.6684999631,2004-07-01,128.88,2761016,1288800
"415",275,2005,"1",1672094.31927902,1003693.43443508,562491.244923407,274328.250591271,94395.7354628077,4307.27952003532,2005-01-01,128.88,722303,1288800
"416",275,2005,"2",1899941.4156693,1059979.98204331,544847.51146457,238840.034003812,72137.7441013115,2771.50557683266,2005-07-01,128.88,1319817,1288800
"417",275,2006,"1",313080.806394785,154919.003006116,69438.4404111927,25735.2914032671,6171.61810433151,210.246989066226,2006-01-01,128.88,51720,1288800
"418",275,2006,"2",1378759.23754983,833408.785586488,473936.291094163,235406.491602047,82202.0857235075,3675.22750021429,2006-07-01,128.88,1108116,1288800
"419",297,1996,"1",5576.4800584333,1925.00250007097,981.050186811394,660.344372424269,421.462894276803,102.574995053728,1996-01-01,3.42,34860,34200
"420",297,1996,"2",4825.716519474,1697.17354312267,672.265490147398,378.685848658316,255.884975386925,89.440592728171,1996-07-01,3.42,5973,34200
"421",297,1997,"1",6269.66606217583,2523.15187801272,1352.14298330732,887.841073451148,538.025651252478,110.485581061895,1997-01-01,3.42,9583,34200
"422",297,1997,"2",36.9026573946041,2.06842451325987,0.0530333809106623,0.000319893124505025,5.5549821851328e-08,2.29309142210595e-20,1997-07-01,3.42,0,34200
"423",297,1998,"1",4.22167156472554,0.20315028413575,0.00515259193252815,3.18059356631969e-05,5.43804743216419e-09,1.67275805398316e-21,1998-01-01,3.42,0,34200
"424",297,1998,"2",329.369591945281,95.5782989008034,20.6557776785605,2.5212887365075,0.075838298234293,8.94056405834189e-07,1998-07-01,3.42,0,34200
"425",297,1999,"1",1669.85961978144,349.654140612398,52.9097872804995,4.41715695609152,0.0856760908928778,3.90596863240456e-07,1999-01-01,3.42,0,34200
"426",297,1999,"2",2501.03638045413,520.390278506018,75.8013740312899,5.59621801943923,0.0734640025669292,4.88100995670791e-08,1999-07-01,3.42,0,34200
"427",297,2000,"1",6580.45102098078,1694.96900838043,315.555519721665,31.8651815685264,0.694816690466044,2.48268546699055e-06,2000-01-01,3.42,0,34200
"428",297,2000,"2",6908.06443649677,1690.49783962601,294.860810866054,26.867013295367,0.477820980571048,8.01688329394218e-07,2000-07-01,3.42,0,34200
"429",297,2001,"1",79287.1569731611,29942.7390608243,8930.43280021208,1727.41468686881,114.646194828733,0.0181057251702616,2001-01-01,3.42,0,34200
"430",297,2001,"2",503.823767533478,91.256206689808,11.5869441294659,0.748135060996699,0.00835610584871678,3.46749159496627e-09,2001-07-01,3.42,0,34200
"431",297,2002,"1",17693.3479134439,5427.34253199559,1258.47870047666,175.290027865656,7.01657597436381,0.000287204310999929,2002-01-01,3.42,0,34200
"432",297,2002,"2",351.054120165093,72.9917173646624,10.2072941507342,0.657724312877469,0.00630800185326987,1.54961179577364e-09,2002-07-01,3.42,0,34200
"433",297,2003,"1",6153.39139423209,1356.29922991835,208.640262080294,16.2190132607818,0.236885354013427,6.74620456104552e-07,2003-01-01,3.42,0,34200
"434",297,2003,"2",2920.35399206552,561.588136108315,74.9646626592088,5.02490877579282,0.0595874269955284,3.33416114129751e-08,2003-07-01,3.42,0,34200
"435",297,2004,"1",7982.42520000764,1373.9321957183,160.080680555562,8.99614111022719,0.079300237172194,1.63999404216668e-08,2004-01-01,3.42,0,34200
"436",297,2004,"2",19854.2220530441,7499.02572007515,3161.74077110716,1763.23993097315,1117.48163990955,325.82410299725,2004-07-01,3.42,0,34200
"437",297,2005,"1",71690.4140951734,28132.4183053127,10732.0047612163,4795.71445511567,2723.09077846838,840.428757859823,2005-01-01,3.42,0,34200
"438",297,2005,"2",42063.3138510906,18544.8152006355,9903.10315132431,6650.50574188907,4535.12436830535,1438.18555709208,2005-07-01,3.42,0,34200
"439",297,2006,"1",76223.685935715,31063.2321921698,14859.8710397347,8975.73056396845,5580.56595665258,1411.65989492436,2006-01-01,3.42,2438,34200
"440",297,2006,"2",1211.72189447853,257.296780233759,39.760460931735,3.37880026272151,0.0628395544475255,1.69736546579974e-07,2006-07-01,3.42,0,34200
"441",307,1996,"1",85826.9007924119,55342.0543947123,33858.9086482493,18130.4695617747,6769.48397970149,338.34004142755,1996-01-01,45.27,213022,452700
"442",307,1996,"2",60403.9300403761,41290.9995235753,26154.8201352521,14262.9621057224,5421.55387962023,341.502615164051,1996-07-01,45.27,118380,452700
"443",307,1997,"1",94330.3992132075,66086.5645923321,44610.8557531951,27484.3313203486,13098.9586291594,1449.23884793307,1997-01-01,45.27,118819,452700
"444",307,1997,"2",2.99578908118312,0.103324489314106,0.0020993713822101,1.25351074158999e-05,2.48149951966132e-09,1.48344625420989e-21,1997-07-01,45.27,0,452700
"445",307,1998,"1",3673.83437677451,2212.70553860892,1152.2440329564,459.376908690479,95.3746878482413,0.514556572131816,1998-01-01,45.27,0,452700
"446",307,1998,"2",1511.39191702338,1007.99661644615,600.714858417125,289.87082851889,83.4166038509134,1.3312281730262,1998-07-01,45.27,0,452700
"447",307,1999,"1",87087.2337412666,60166.8059029165,37924.3001394934,20280.2413409293,7382.61904221771,377.326891145029,1999-01-01,45.27,18608,452700
"448",307,1999,"2",130492.018734743,94879.5643761365,64448.6462707187,38344.9119879991,16446.0204077667,1183.98844334519,1999-07-01,45.27,74494,452700
"449",307,2000,"1",148403.413811958,109492.157159031,76758.7402401957,48019.9904255822,22319.471468617,1940.88710388938,2000-01-01,45.27,103133,452700
"450",307,2000,"2",150674.076834691,110056.836334847,77212.3202108391,49036.4624133782,23739.0620643982,2493.35227246658,2000-07-01,45.27,235859,452700
"451",307,2001,"1",342647.241960216,251194.650996509,177099.384467115,113137.283260913,55060.1282049228,5734.7354344648,2001-01-01,45.27,493466,452700
"452",307,2001,"2",23915.3969537307,17334.0622544017,11913.4152610011,7261.55993788282,3228.3546850913,241.444628718342,2001-07-01,45.27,88282,452700
"453",307,2002,"1",126369.207476064,86408.8768383792,54876.7623457551,29849.547254311,10959.698740293,437.524018077858,2002-01-01,45.27,235871,452700
"454",307,2002,"2",7893.05047467374,5958.57314243374,4193.53818717986,2594.96109174714,1181.51264235281,105.658367576175,2002-07-01,45.27,14280,452700
"455",307,2003,"1",255417.170665976,174438.225774809,111582.062595859,62645.7078282802,25435.9940431951,1855.68278022548,2003-01-01,45.27,123134,452700
"456",307,2003,"2",176881.66728529,121389.774851339,76925.1898911483,41768.5370450297,15451.6307555992,669.676074208422,2003-07-01,45.27,71020,452700
"457",307,2004,"1",769869.897325335,559438.969207318,383654.881842143,234468.382609099,107250.759568292,9988.81509704058,2004-01-01,45.27,385271,452700
"458",307,2004,"2",238152.268621765,181157.20210143,132516.119950192,89331.5627185812,48894.7077726483,8592.17457103053,2004-07-01,45.27,249262,452700
"459",307,2005,"1",304291.247171035,196975.093766511,120490.944601922,65942.90745373,26929.9354527697,2080.55601581792,2005-01-01,45.27,496363,452700
"460",307,2005,"2",376423.489606728,267659.370431122,181687.603706917,112905.89133754,56279.2305535485,8202.30398242539,2005-07-01,45.27,257737,452700
"461",307,2006,"1",910240.405289548,688271.551695356,499088.834655727,330091.185194985,170694.595885395,21750.9626970474,2006-01-01,45.27,800313,452700
"462",307,2006,"2",39496.5554003647,27693.1850498942,18159.4490303127,10445.796968884,4350.82084834503,313.905737645037,2006-07-01,45.27,17972,452700
"463",327,1996,"1",107551.618165207,69085.3142645266,42874.1598899143,24260.2676394467,10643.3914965319,1135.97745605121,1996-01-01,52.38,6424,523800
"464",327,1996,"2",78018.4436875118,46144.635300958,25833.4755497516,12536.9840447932,4101.32632510867,140.984063569544,1996-07-01,52.38,0,523800
"465",327,1997,"1",198143.892112221,120657.991063621,69115.5502339336,34445.7890539777,11887.2363273738,697.434144552126,1997-01-01,52.38,10032,523800
"466",327,1997,"2",26925.4111964805,15317.9770422291,8611.50921544989,4520.37952379527,1779.40969444664,102.802905734278,1997-07-01,52.38,0,523800
"467",327,1998,"1",58877.4310174178,37191.338335311,21506.8489872091,10714.9095186432,3867.62446508008,278.772617717876,1998-01-01,52.38,2393,523800
"468",327,1998,"2",97947.7217389649,71349.4981048231,48979.5126008541,30289.6070005714,14837.1066860861,2366.21139501372,1998-07-01,52.38,29471,523800
"469",327,1999,"1",629263.396881133,454453.306533062,319605.255108586,210066.455577707,114827.0890114,22648.8805437738,1999-01-01,52.38,85840,523800
"470",327,1999,"2",102797.026651343,62248.0827727335,36817.5991999669,19825.4988663258,8118.19580196202,648.753452020522,1999-07-01,52.38,95276,523800
"471",327,2000,"1",142684.249991268,92017.4641005472,57715.5198751563,33775.2056320754,16273.8611768795,2571.81757768539,2000-01-01,52.38,7364,523800
"472",327,2000,"2",98003.4513195273,57939.3696288155,34131.2751094333,18743.1956738383,8019.22241038014,850.161865073853,2000-07-01,52.38,2658,523800
"473",327,2001,"1",100300.514605317,72981.4455566403,51105.1771427987,32683.9394285313,16752.02652637,2632.95102821982,2001-01-01,52.38,7598,523800
"474",327,2001,"2",337137.591147093,239662.396509108,157896.110678394,90415.5882805976,37336.9706452766,3277.70152206729,2001-07-01,52.38,143778,523800
"475",327,2002,"1",315227.721009851,201384.524202768,119337.211338845,61202.3019981291,22394.8892995824,1658.01073758109,2002-01-01,52.38,62091,523800
"476",327,2002,"2",245468.015976055,170332.706107964,112826.251282647,67096.8110837021,30365.0144817562,3357.93409757546,2002-07-01,52.38,296026,523800
"477",327,2003,"1",752868.090863455,546499.643831409,375675.393572443,232422.06491759,111201.945975959,13220.7063489011,2003-01-01,52.38,296657,523800
"478",327,2003,"2",145056.696622023,90089.5231725218,53479.1469629285,27851.3114094689,10348.9202316896,791.698857529486,2003-07-01,52.38,63632,523800
"479",327,2004,"1",765100.055282001,532355.787637611,361283.047544395,224892.803369857,110279.495251152,15084.8612850608,2004-01-01,52.38,783433,523800
"480",327,2004,"2",828044.907330741,609440.23123407,437726.721089828,290086.243500886,152957.653345103,23536.4758614291,2004-07-01,52.38,566889,523800
"481",327,2005,"1",1164412.93392575,843170.9497809,578683.371852247,355542.243294991,166884.926570585,20108.1241855501,2005-01-01,52.38,1040165,523800
"482",327,2005,"2",722358.389785716,505616.621751161,335852.597768907,198154.03802885,86694.9353828515,8323.23653314004,2005-07-01,52.38,472109,523800
"483",327,2006,"1",729776.963802825,531448.685070232,368444.871762337,231578.143903807,114962.548024345,16293.3409968074,2006-01-01,52.38,382164,523800
"484",327,2006,"2",197289.731516055,136363.691865986,87824.1409295807,49012.3299070389,19244.6691657325,1335.76385466107,2006-07-01,52.38,280801,523800
"485",344,1996,"1",18003.4067649599,11550.2465083206,6967.47880888073,3625.8478783996,1259.97906303659,40.9245317526034,1996-01-01,6.84,30698,68400
"486",344,1996,"2",3258.60558589439,2486.6192823356,1905.91285195388,1357.54301237319,770.085091929339,117.629621032353,1996-07-01,6.84,0,68400
"487",344,1997,"1",10954.9405281564,6997.944580768,4314.41429464974,2363.96055942044,972.197599447083,110.215392200883,1997-01-01,6.84,8237,68400
"488",344,1997,"2",132.333047004044,11.8782557404105,0.552750174093994,0.00770857231861169,5.57643698736147e-06,2.40398159816451e-16,1997-07-01,6.84,0,68400
"489",344,1998,"1",0.119317531564141,0.00179444513213366,8.3567012732792e-06,4.39498427745271e-09,1.09636150575739e-14,2.67883762802149e-33,1998-01-01,6.84,0,68400
"490",344,1998,"2",1989.18484170698,1440.97776581922,979.125422855983,585.96126752303,254.363531071929,17.4290532313382,1998-07-01,6.84,0,68400
"491",344,1999,"1",13311.4307222078,9868.5690468422,6858.12986761474,4191.84516526777,1855.56331942906,130.835416222678,1999-01-01,6.84,4284,68400
"492",344,1999,"2",3681.95837505303,2613.99358494034,1734.98146400125,1007.51171914521,416.033651774746,24.0389252417151,1999-07-01,6.84,0,68400
"493",344,2000,"1",5683.9892774628,4205.39404484824,2985.74082974758,1932.6845557505,992.010876475746,138.088352360068,2000-01-01,6.84,5374,68400
"494",344,2000,"2",21387.5179576226,15893.2728920779,11245.0332696701,7100.83935562187,3350.76741457509,299.086965262485,2000-07-01,6.84,10051,68400
"495",344,2001,"1",730.566429967008,268.648463203359,110.138592045873,38.4396522385875,6.99219516555964,0.0253123368992503,2001-01-01,6.84,0,68400
"496",344,2001,"2",6416.67528405263,5053.35138442491,3750.69594406807,2485.74732473596,1245.62255654029,129.322828071337,2001-07-01,6.84,0,68400
"497",344,2002,"1",15668.2890127531,11006.3752647517,7482.80132020434,4532.26284586649,2027.23241326801,157.446554900754,2002-01-01,6.84,574,68400
"498",344,2002,"2",58.1489864374604,11.129825494931,1.50434306116537,0.0936890545322439,0.000851913181711878,1.52003887214227e-10,2002-07-01,6.84,0,68400
"499",344,2003,"1",4331.76506051965,2295.94936304534,1040.66593808443,344.672140894124,52.2959609772301,0.099646772150419,2003-01-01,6.84,0,68400
"500",344,2003,"2",2670.40343311142,1809.01791829466,1252.88952792362,772.756510649258,349.88820224696,27.0751653821089,2003-07-01,6.84,3199,68400
"501",344,2004,"1",7976.27096345959,5270.11797651542,3527.67439778235,2175.21953736349,1042.12426948543,115.376488975284,2004-01-01,6.84,409,68400
"502",344,2004,"2",15944.9172500852,10955.0951000948,7714.44456729452,5183.01530868579,2886.80033852971,552.180674192629,2004-07-01,6.84,11256,68400
"503",344,2005,"1",6548.48202851517,3930.90486311381,2265.34220740578,1153.74606821883,439.460805446238,33.6620168573934,2005-01-01,6.84,7931,68400
"504",344,2005,"2",23165.2206582376,17834.768313086,13995.0947069279,10445.1890547071,6553.05824975332,1496.61704204594,2005-07-01,6.84,16897,68400
"505",344,2006,"1",6954.21724340932,5223.36772022749,3823.03047611037,2513.90393416425,1243.15784755354,122.629608578541,2006-01-01,6.84,21803,68400
"506",344,2006,"2",4946.73415174212,3841.67771927028,2857.89023821583,1909.3021853085,970.156626777981,105.259812998713,2006-07-01,6.84,1772,68400
"507",351,1996,"1",84556.3825528368,54800.9329631716,32383.5927850545,15986.2099447056,5025.71994687615,125.277525323781,1996-01-01,21.51,96995,215100
"508",351,1996,"2",11059.105432132,8118.46204285077,5617.84497210766,3453.70452688773,1567.53128435188,124.390706595914,1996-07-01,21.51,10019,215100
"509",351,1997,"1",24154.5510174198,16185.393876066,9997.97111956379,5231.78510810941,1798.74788319913,57.5843003302713,1997-01-01,21.51,77663,215100
"510",351,1997,"2",132.33310590076,11.8782557854634,0.552750174098468,0.0077085723186117,5.57643698736147e-06,2.40398159816451e-16,1997-07-01,21.51,0,215100
"511",351,1998,"1",0.162873050717624,0.00246544429383091,1.14920679066258e-05,6.0255631403011e-09,1.49303495248346e-14,3.56892600423676e-33,1998-01-01,21.51,0,215100
"512",351,1998,"2",2389.64541523666,1801.37764019151,1276.20095829662,790.52950743248,349.329440224713,23.1864024669913,1998-07-01,21.51,0,215100
"513",351,1999,"1",18830.6316904672,12343.3212213033,7242.70153954798,3447.75422930915,978.725892536363,15.2471806022724,1999-01-01,21.51,22840,215100
"514",351,1999,"2",6738.79880839435,4323.67137485614,2478.15781271353,1145.04219731758,310.599950427564,4.23263201659918,1999-07-01,21.51,4499,215100
"515",351,2000,"1",3356.73688077975,2290.16030027643,1501.88418444777,862.26642161045,345.016728685281,17.2324315592285,2000-01-01,21.51,5990,215100
"516",351,2000,"2",13244.5980615354,8419.99922759431,5021.37328965253,2549.61581946393,844.364085883498,23.9071517080595,2000-07-01,21.51,28609,215100
"517",351,2001,"1",14696.7667977386,9296.94348362235,5596.56511752638,2883.40181774127,1016.12525292461,51.6617021052036,2001-01-01,21.51,3495,215100
"518",351,2001,"2",2600.67575450992,1705.06616872398,1007.57848201674,488.581334151665,146.182168774887,2.95868509414776,2001-07-01,21.51,0,215100
"519",351,2002,"1",28432.4478061628,17919.3474690143,10451.3910292847,5165.20501772012,1690.8037701612,57.1818543954873,2002-01-01,21.51,12079,215100
"520",351,2002,"2",1506.23577630816,891.176261071326,472.461485618867,204.182600469639,54.3446988831905,1.30543634721414,2002-07-01,21.51,0,215100
"521",351,2003,"1",13888.1687484224,8212.51174189577,4322.23973599997,1827.82165108803,451.593897796982,5.50087115773247,2003-01-01,21.51,0,215100
"522",351,2003,"2",25644.5666966748,17235.8510959696,10554.5774075133,5399.38208603458,1789.04056015339,54.2376936450861,2003-07-01,21.51,0,215100
"523",351,2004,"1",42222.1126381052,26435.2668621172,14941.0620618957,6954.84604552147,2013.30094520729,41.7466683109826,2004-01-01,21.51,2299,215100
"524",351,2004,"2",54976.9052619528,39347.8366372307,26408.6141374121,15499.5564519576,6535.57523826059,454.435477420062,2004-07-01,21.51,33147,215100
"525",351,2005,"1",88659.1821631194,63079.7978780458,41426.4850481991,23422.4019497394,9200.32381511157,490.040624694656,2005-01-01,21.51,91507,215100
"526",351,2005,"2",57902.3310288433,42322.1551447921,29630.5749688362,18345.7824358394,8311.36733493556,665.850737897457,2005-07-01,21.51,6087,215100
"527",351,2006,"1",49999.8886588727,34747.286792533,22300.4774663485,12220.2837403889,4547.5211484018,199.203721944333,2006-01-01,21.51,38847,215100
"528",351,2006,"2",14156.3024588528,10312.4303549673,6958.93735337965,4046.24340990929,1624.54198901267,81.2379325399601,2006-07-01,21.51,5335,215100
"529",353,1996,"1",4122.84563823107,1540.53764786211,436.640219061388,75.2459797608848,3.95682624681703,0.000411000691073414,1996-01-01,10.98,21370,109800
"530",353,1996,"2",20700.9751108092,10415.4782660957,4328.12015754977,1274.90122576122,165.278281990872,0.293635441115036,1996-07-01,10.98,31097,109800
"531",353,1997,"1",30359.3786592315,21086.831205793,13197.5508362522,6824.87436024965,2214.8019749341,53.1247175906495,1997-01-01,10.98,29718,109800
"532",353,1997,"2",4868.52825978365,3659.43233240226,2537.10986475454,1517.72866343719,634.739693273911,37.2367386649979,1997-07-01,10.98,0,109800
"533",353,1998,"1",0.000209606120978262,2.85481647236903e-07,6.97002793578794e-11,6.98532327997813e-16,2.41150523421119e-24,2.28198856073738e-52,1998-01-01,10.98,0,109800
"534",353,1998,"2",0.251059091393562,0.0016355616269557,2.49722165230632e-06,2.70057143907842e-10,4.55832588339273e-17,1.76807577081344e-39,1998-07-01,10.98,0,109800
"535",353,1999,"1",9.64604252594913,0.183443437158735,0.00120815868265735,1.09886647306073e-06,7.51168029852928e-12,6.05729130130929e-29,1999-01-01,10.98,0,109800
"536",353,1999,"2",16595.0975801669,7438.23435041239,2651.08692539747,622.848194471538,53.2011615475935,0.0179653946930984,1999-07-01,10.98,0,109800
"537",353,2000,"1",416.818214442538,176.049609307463,58.4220518749287,12.490791197195,0.913656122546277,0.000166699792064065,2000-01-01,10.98,0,109800
"538",353,2000,"2",3607.01887933391,1412.24041768386,421.787544449058,76.8340681476606,4.18469475353947,0.000266700720823915,2000-07-01,10.98,0,109800
"539",353,2001,"1",1914.91815489051,1123.13405421414,570.346808221784,222.720749575497,46.4229444453928,0.338672425948256,2001-01-01,10.98,0,109800
"540",353,2001,"2",4729.57563747965,2154.19005059923,787.473105766462,193.383143692011,18.2087028978577,0.00976061618625156,2001-07-01,10.98,0,109800
"541",353,2002,"1",978.486548269808,290.994243115526,62.3993593679486,7.4521777551274,0.220850863370033,3.97010521674932e-06,2002-01-01,10.98,0,109800
"542",353,2002,"2",4546.46459234659,2029.01227452578,720.283940038256,168.662658231722,14.3828638678536,0.00463235505919498,2002-07-01,10.98,0,109800
"543",353,2003,"1",0.293745571178725,0.00136088435064561,1.43245403456127e-06,9.80718414408363e-11,8.27068759222777e-18,4.66302220348074e-41,2003-01-01,10.98,0,109800
"544",353,2003,"2",3172.96861260685,613.281554504908,75.7408726606337,4.05719683413442,0.0284651425618549,2.52703715721949e-09,2003-07-01,10.98,0,109800
"545",353,2004,"1",5521.40458332794,2395.3834427242,822.743765498965,185.328534545811,15.1610720830299,0.00533634415893506,2004-01-01,10.98,0,109800
"546",353,2004,"2",67712.0854888774,41312.8786917634,21893.6631947592,8979.19582083593,1976.68127668643,14.2931703174178,2004-07-01,10.98,0,109800
"547",353,2005,"1",42024.4509320776,23165.1846085217,10869.402232806,3823.56947064239,678.897970071508,3.21766354590653,2005-01-01,10.98,138,109800
"548",353,2005,"2",159517.235696012,109738.932952246,68584.6943780607,36076.5675191538,12556.8971081407,469.570201721139,2005-07-01,10.98,6447,109800
"549",353,2006,"1",83191.2472679585,62316.0991272867,43040.8001613968,25647.9978035985,10679.8168227423,613.110965458785,2006-01-01,10.98,16079,109800
"550",353,2006,"2",14664.876488173,8988.98679652883,4788.07207346407,1973.65892978382,435.670238140212,3.00821686977331,2006-07-01,10.98,0,109800
"551",357,1996,"1",22507.7423387195,14351.1960296342,8142.47133789111,3707.53963099349,976.587633805583,11.7587921914519,1996-01-01,33.12,3896,331200
"552",357,1996,"2",68137.121781729,49472.7968874679,33383.403691258,19654.2874682841,8234.33378169516,498.760170894759,1996-07-01,33.12,0,331200
"553",357,1997,"1",57201.1435774816,45344.0893603949,33902.1061442848,22786.8103279863,11814.1109366835,1439.33419542541,1997-01-01,33.12,0,331200
"554",357,1997,"2",6156.77416543562,5136.30263446854,4132.51681825427,3106.60712974723,1972.51252557809,477.583485914737,1997-07-01,33.12,0,331200
"555",357,1998,"1",0.000420135212818169,6.08992694420987e-07,1.49508172622236e-10,1.63730992482548e-15,1.13927855724999e-23,3.8521699226101e-50,1998-01-01,33.12,0,331200
"556",357,1998,"2",1.06383136688393,0.0112270742653538,3.18543878542908e-05,8.2024666617625e-09,6.00689373687548e-15,2.50716783513415e-35,1998-07-01,33.12,0,331200
"557",357,1999,"1",8.32736267104559,0.131895050113363,0.000679120848473462,4.36657871116089e-07,1.70976927092493e-12,2.64772707646208e-30,1999-01-01,33.12,0,331200
"558",357,1999,"2",22684.5245644912,14226.1501204017,8383.3763598219,4212.66066422032,1350.61486483828,31.7029229989054,1999-07-01,33.12,2862,331200
"559",357,2000,"1",456.418422094354,302.072520725883,177.459402148855,83.8506194237504,23.2756497424944,0.329535201298833,2000-01-01,33.12,4705,331200
"560",357,2000,"2",4872.17261867419,2920.52215534003,1705.26271013757,874.750609482382,294.993409506167,8.2134714150204,2000-07-01,33.12,0,331200
"561",357,2001,"1",2824.882019082,1951.74705052661,1245.96696984126,673.031931401179,238.614412532519,7.76421646997713,2001-01-01,33.12,0,331200
"562",357,2001,"2",9085.60431558421,5951.24081867688,3530.14558939622,1715.05860637917,503.697126509765,8.69494010301431,2001-07-01,33.12,0,331200
"563",357,2002,"1",6824.87433548867,4062.42190888299,2109.50841746497,844.978396844093,177.868569178148,1.01102038068139,2002-01-01,33.12,0,331200
"564",357,2002,"2",9186.7492068623,6103.03522046943,3683.8349570688,1830.0366960455,556.314508619104,10.6735314706577,2002-07-01,33.12,0,331200
"565",357,2003,"1",0.430814786338375,0.00247144169451301,3.42422158321509e-06,3.45536929278009e-10,5.64885059689911e-17,2.72987884686303e-39,2003-01-01,33.12,0,331200
"566",357,2003,"2",56369.2872337143,33059.7690716304,16818.8933625541,6513.48080100479,1288.18045864517,5.91529237645383,2003-07-01,33.12,509,331200
"567",357,2004,"1",15228.9506821777,9570.1295194567,5306.65420064081,2326.6376949887,570.74455712606,5.3752784629644,2004-01-01,33.12,0,331200
"568",357,2004,"2",67335.8629002034,47448.697060588,31203.2194886598,17870.2913110287,7136.95146892209,354.592513630443,2004-07-01,33.12,54140,331200
"569",357,2005,"1",51423.5723398987,35808.4620930358,23521.5550093987,13558.593807199,5478.63712749351,280.901472354399,2005-01-01,33.12,28277,331200
"570",357,2005,"2",112981.717659416,72672.0862434865,42863.917862763,21940.186091164,8189.2515800135,540.467802903896,2005-07-01,33.12,28098,331200
"571",357,2006,"1",26304.5099101823,14469.6305451925,7063.44723986823,2883.05177147328,838.048688652647,42.5721013111189,2006-01-01,33.12,25932,331200
"572",357,2006,"2",22089.9820823386,16370.7573413359,11347.9414906756,6919.96213577908,3047.15503985044,208.006136700677,2006-07-01,33.12,983,331200
"573",358,1996,"1",1676.22014295138,880.750245453045,445.169888328354,194.446478169354,51.9305299957699,0.689634794424333,1996-01-01,43.47,80977,434700
"574",358,1996,"2",10007.8896200391,5978.39792690431,3470.91532671525,1911.35496228035,850.145102448647,75.4961644272666,1996-07-01,43.47,130383,434700
"575",358,1997,"1",4954.35707051737,2706.45058093446,1245.96789855425,418.970332309452,65.4328166175407,0.140539321144714,1997-01-01,43.47,91382,434700
"576",358,1997,"2",1043.60429961566,670.309942736993,380.923762987917,171.85512832051,44.0798901854093,0.479999189258067,1997-07-01,43.47,7810,434700
"577",358,1998,"1",0.000652996115662823,1.06051888388384e-06,2.75802972031003e-10,2.52706971344162e-15,6.76091132310211e-24,8.68698561694987e-52,1998-01-01,43.47,0,434700
"578",358,1998,"2",1.76453667275337,0.021690135495158,7.50543438531019e-05,2.56371248542947e-08,3.05347168979618e-14,6.43191229764304e-34,1998-07-01,43.47,0,434700
"579",358,1999,"1",18.8202815184163,0.417383202015981,0.00339733413588336,4.21903408622234e-06,4.9604644007055e-11,2.49343462061075e-27,1999-01-01,43.47,0,434700
"580",358,1999,"2",4346.44861325807,1760.53274445134,729.128385405811,317.017341704309,109.532615645653,4.27267725207253,1999-07-01,43.47,57424,434700
"581",358,2000,"1",1039.04074137495,638.922940684538,341.355450773242,141.092519353839,31.1572864991679,0.206328693303131,2000-01-01,43.47,1644,434700
"582",358,2000,"2",730.721109945919,180.162014600233,29.7458423587483,2.35011881071228,0.0306649303047496,1.68516325950154e-08,2000-07-01,43.47,10581,434700
"583",358,2001,"1",244.874208363439,105.214007684793,36.8774414788149,8.42573333038325,0.67539444639799,0.00015436807384924,2001-01-01,43.47,7313,434700
"584",358,2001,"2",847.164128874507,501.142377267882,320.980991855207,194.049833934368,85.8122580818832,5.77444414608551,2001-07-01,43.47,29055,434700
"585",358,2002,"1",464.843707803373,255.818533204892,141.67606192094,68.092642967553,20.2396429654658,0.364042864432354,2002-01-01,43.47,31243,434700
"586",358,2002,"2",489.313995324847,132.384887702455,24.7022252011746,2.31868776375448,0.0406192819064302,5.93925868463723e-08,2002-07-01,43.47,28994,434700
"587",358,2003,"1",0.960287284534417,0.00754105885282753,1.56338838162389e-05,2.76386517706515e-09,1.16246460664898e-15,1.45705895827343e-36,2003-01-01,43.47,0,434700
"588",358,2003,"2",855.391643337585,94.4100442664363,16.8443919946013,3.9768241235706,0.478443792598971,0.000449487669378591,2003-07-01,43.47,280528,434700
"589",358,2004,"1",453.975839397447,145.243390879252,33.5357107782136,4.24934853426595,0.124329596885781,9.99020788585328e-07,2004-01-01,43.47,60590,434700
"590",358,2004,"2",35889.9761224878,25190.5316302399,17084.7328731031,10612.4111139476,5045.769281497,468.505075134256,2004-07-01,43.47,142461,434700
"591",358,2005,"1",18709.726606134,10919.6143382998,6060.95468717003,3006.87604240825,1059.55084158372,51.5017516560778,2005-01-01,43.47,105773,434700
"592",358,2005,"2",101531.818250323,63996.4571549895,36068.8852892666,16889.2273673614,5395.83805730305,359.720973532598,2005-07-01,43.47,92847,434700
"593",358,2006,"1",50769.8044081822,33633.1246563366,20708.5188921338,11443.5521837331,5115.6315239533,730.90233055447,2006-01-01,43.47,9329,434700
"594",358,2006,"2",2990.87026658232,1626.03804820383,785.445410995777,323.372623131466,103.036158278412,7.64280087363128,2006-07-01,43.47,44265,434700
